#VRML V2.0 utf8
# 3D model generated by kicad-lcsc-manager
# Based on easyeda2kicad.py v1.0.1

Shape{
    appearance Appearance {
        material  Material {
            diffuseColor 0.48627450980392156 0.48627450980392156 0.48627450980392156
            specularColor 0.42745098039215684 0.42745098039215684 0.42745098039215684
            ambientIntensity 0.4863
            transparency 0.0
            shininess 0.5
        }
    }
    geometry IndexedFaceSet {
        ccw TRUE
        solid FALSE
        coord DEF co Coordinate {
            point [
                -0.2522 0.0716 0.0079, -0.2983 0.0716 0.0079, -0.2728 0.1291 0.0079, -0.2776 0.1291 0.0079, -0.2741 0.1339 0.0079, -0.2764 0.1339 0.0079, -0.275 0.1388 0.0079, -0.2755 0.1388 0.0079, -2.5787 -0.2953 0.0079, -2.7559 -0.2953 0.0079, -2.7559 0.017 0.0079, 0.0344 0.0401 0.0079, 0.0344 0.0249 0.0079, 0.021 0.017 0.0079, 0.0491 0.0189 0.0079, 0.063 0.017 0.0079, 0.8563 0.5118 0.0079, 0.9154 0.5118 0.0079, 2.7559 0.017 0.0079, 0.05 0.14 0.0079, 0.0369 0.0387 0.0079, 0.0667 0.1422 0.0079, 0.0803 0.1406 0.0079, 1.1122 0.5118 0.0079, 1.0532 0.5118 0.0079, 1.0532 0.5315 0.0079, 0.9154 0.5315 0.0079, 1.1811 0.5315 0.0079, 1.25 0.5315 0.0079, 1.25 0.5118 0.0079, 1.4469 0.5118 0.0079, 1.5059 0.5118 0.0079, 0.021 0.5315 0.0079, 0.0689 0.5315 0.0079, 0.0689 0.5118 0.0079, 0.128 0.5118 0.0079, 0.2193 0.1556 0.0079, 0.2008 0.1556 0.0079, 0.0344 0.1518 0.0079, 0.0344 0.1333 0.0079, 0.1138 0.0296 0.0079, 0.1241 0.0405 0.0079, 0.1487 0.0178 0.0079, 1.5748 0.5315 0.0079, 1.6437 0.5315 0.0079, 1.6437 0.5118 0.0079, 0.0906 0.1369 0.0079, 0.1001 0.1305 0.0079, 0.1084 0.1213 0.0079, 0.1185 0.0852 0.0079, 0.1171 0.0703 0.0079, 0.1133 0.0585 0.0079, 0.0827 0.0327 0.0079, 0.0698 0.0313 0.0079, 0.0927 0.0364 0.0079, 0.1011 0.0421 0.0079, 0.1076 0.0489 0.0079, 0.0515 0.0333 0.0079, 0.5906 0.5315 0.0079, 0.6595 0.5315 0.0079, 0.6595 0.5118 0.0079, 1.3091 0.5118 0.0079, 1.3091 0.5315 0.0079, 1.378 0.5315 0.0079, 1.7717 0.5315 0.0079, 1.8406 0.5315 0.0079, 1.8406 0.5118 0.0079, 0.1141 0.1107 0.0079, 0.1178 0.096 0.0079, 0.4626 0.5315 0.0079, 0.4626 0.5118 0.0079, 0.3937 0.5315 0.0079, 0.3248 0.5118 0.0079, 0.3248 0.5315 0.0079, 0.7185 0.5118 0.0079, 0.7185 0.5315 0.0079, 0.7874 0.5315 0.0079, 1.1122 0.5315 0.0079, 1.4469 0.5315 0.0079, 0.1487 0.0329 0.0079, 0.1315 0.0536 0.0079, 0.2008 0.0329 0.0079, 0.1297 0.1193 0.0079, 0.1216 0.1322 0.0079, 0.1091 0.1442 0.0079, 0.0961 0.1517 0.0079, 0.0807 0.1562 0.0079, 0.0804 0.017 0.0079, 0.0893 0.0179 0.0079, 0.1027 0.0225 0.0079, 0.128 0.5315 0.0079, 0.1969 0.5315 0.0079, 0.5217 0.5315 0.0079, 0.5217 0.5118 0.0079, 0.8563 0.5315 0.0079, 1.8996 0.5118 0.0079, 1.8996 0.5315 0.0079, 1.9685 0.5315 0.0079, 2.0374 0.5118 0.0079, 2.0965 0.5118 0.0079, 0.2658 0.5315 0.0079, 0.2658 0.5118 0.0079, 0.2193 0.0178 0.0079, 0.1356 0.0681 0.0079, 0.1369 0.0841 0.0079, 0.135 0.1037 0.0079, 0.0669 0.1573 0.0079, 0.0504 0.1561 0.0079, 1.5059 0.5315 0.0079, 1.7028 0.5118 0.0079, 2.2933 0.5315 0.0079, 2.7559 0.5315 0.0079, 2.2933 0.5118 0.0079, 2.2343 0.5118 0.0079, 2.2343 0.5315 0.0079, 2.0965 0.5315 0.0079, 1.7028 0.5315 0.0079, 2.0374 0.5315 0.0079, 2.5788 -0.2953 0.0079, 2.7559 -0.2953 0.0079, 2.5788 -0.689 0.0079, 0.021 -0.689 0.0079, 0.0723 0.0161 0.0079, 0.0686 0.0162 0.0079, 0.0 0.5315 0.0079, 0.0075 0.1556 0.0079, -0.063 0.1405 0.0079, -0.0109 0.1405 0.0079, -0.0109 0.0951 0.0079, -0.3248 0.5118 0.0079, -0.2657 0.5118 0.0079, -2.7559 0.5315 0.0079, -2.5246 0.5315 0.0079, -0.5905 0.5315 0.0079, -0.5216 0.5315 0.0079, -0.5216 0.5118 0.0079, -2.2342 0.5118 0.0079, -2.2933 0.5118 0.0079, -2.2933 0.5315 0.0079, -0.0933 0.1556 0.0079, -0.0597 0.0951 0.0079, -0.0597 0.08 0.0079, -0.7185 0.5315 0.0079, -0.7185 0.5118 0.0079, -0.7874 0.5315 0.0079, -0.8563 0.5118 0.0079, -0.8563 0.5315 0.0079, -0.4626 0.5118 0.0079, -0.4626 0.5315 0.0079, -0.3937 0.5315 0.0079, -2.2342 0.5315 0.0079, -2.1653 0.5315 0.0079, -2.0964 0.5118 0.0079, -2.0374 0.5118 0.0079, -0.3386 0.0178 0.0079, -0.6594 0.5315 0.0079, -0.6594 0.5118 0.0079, -0.3248 0.5315 0.0079, -1.9685 0.5315 0.0079, -1.8996 0.5315 0.0079, -1.8996 0.5118 0.0079, -0.0109 0.08 0.0079, -0.0109 0.0329 0.0079, -0.0664 0.0329 0.0079, -0.0933 0.0178 0.0079, -0.0664 0.0178 0.0079, 0.0075 0.0178 0.0079, -1.8405 0.5118 0.0079, -2.0374 0.5315 0.0079, -1.7716 0.5315 0.0079, -1.7027 0.5315 0.0079, -1.7027 0.5118 0.0079, -0.2143 0.0178 0.0079, -0.1973 0.0556 0.0079, -0.1894 0.0432 0.0079, -0.0689 0.5315 0.0079, -0.0689 0.5118 0.0079, -0.1279 0.5118 0.0079, -0.1279 0.5315 0.0079, -0.2657 0.5315 0.0079, -1.5059 0.5118 0.0079, -1.4468 0.5118 0.0079, -0.1781 0.0324 0.0079, -0.1637 0.024 0.0079, -0.1478 0.0193 0.0079, -1.6437 0.5118 0.0079, -1.6437 0.5315 0.0079, -1.5748 0.5315 0.0079, -1.8405 0.5315 0.0079, -1.5059 0.5315 0.0079, -0.1308 0.0178 0.0079, -0.3185 0.0178 0.0079, -1.25 0.5118 0.0079, -1.25 0.5315 0.0079, -1.1811 0.5315 0.0079, -0.3045 0.0565 0.0079, -0.2476 0.0565 0.0079, -0.2344 0.0178 0.0079, -0.9153 0.5315 0.0079, -0.9153 0.5118 0.0079, -0.9842 0.5315 0.0079, -1.0531 0.5118 0.0079, -1.0531 0.5315 0.0079, -1.4468 0.5315 0.0079, -1.309 0.5315 0.0079, -1.309 0.5118 0.0079, -1.1122 0.5118 0.0079, -1.1122 0.5315 0.0079, -0.1521 0.1535 0.0079, -0.1682 0.1478 0.0079, -0.2664 0.1556 0.0079, -0.1832 0.1378 0.0079, -0.1322 0.1556 0.0079, -0.1833 0.1376 0.0079, -0.1931 0.1268 0.0079, -0.1995 0.115 0.0079, -0.063 0.1556 0.0079, -0.2032 0.1014 0.0079, -0.2042 0.0884 0.0079, -0.2023 0.07 0.0079, -0.2849 0.1556 0.0079, -2.5787 -0.689 0.0079, -2.0964 0.5315 0.0079, -0.1118 0.1405 0.0079, -0.1118 0.0329 0.0079, -0.1321 0.1405 0.0079, -0.1313 0.0329 0.0079, -0.1459 0.0343 0.0079, -0.1857 0.088 0.0079, -0.1845 0.1018 0.0079, -0.1813 0.1127 0.0079, -0.1484 0.1387 0.0079, -0.1575 0.0379 0.0079, -0.1669 0.0435 0.0079, -0.1746 0.0511 0.0079, -0.1804 0.0606 0.0079, -0.1844 0.0736 0.0079, -0.1765 0.1212 0.0079, -0.1698 0.1283 0.0079, -0.1598 0.1348 0.0079
            ]
        }
        coordIndex [
            0,1,2,-1,2,1,3,-1,2,3,4,-1,4,3,5,-1,4,5,6,-1,6,5,7,-1,8,9,10,-1,11,12,13,-1,13,12,14,-1,13,14,15,-1,16,17,18,-1,11,19,20,-1,20,19,21,-1,20,21,22,-1,23,18,24,-1,24,18,17,-1,24,17,25,-1,25,17,26,-1,27,28,29,-1,30,31,18,-1,32,33,34,-1,35,36,34,-1,34,36,37,-1,34,37,32,-1,32,38,39,-1,40,41,42,-1,43,44,45,-1,22,46,20,-1,20,46,47,-1,20,47,48,-1,49,50,20,-1,20,50,51,-1,52,53,54,-1,54,53,55,-1,51,56,20,-1,20,56,55,-1,20,55,57,-1,57,55,53,-1,58,59,60,-1,61,62,63,-1,64,65,66,-1,48,67,20,-1,20,67,68,-1,20,68,49,-1,69,70,71,-1,71,70,72,-1,71,72,73,-1,74,75,76,-1,77,27,23,-1,23,27,29,-1,23,29,18,-1,18,29,61,-1,18,61,30,-1,30,61,63,-1,30,63,78,-1,42,41,79,-1,79,41,80,-1,79,80,81,-1,82,83,37,-1,37,83,84,-1,37,84,32,-1,32,84,85,-1,32,85,86,-1,87,88,42,-1,42,88,89,-1,42,89,40,-1,35,90,91,-1,92,58,93,-1,93,58,60,-1,93,60,18,-1,18,60,74,-1,18,74,16,-1,16,74,76,-1,16,76,94,-1,95,96,97,-1,98,99,18,-1,91,100,101,-1,35,91,36,-1,36,91,101,-1,36,101,102,-1,102,101,72,-1,102,72,18,-1,18,72,70,-1,18,70,93,-1,80,103,81,-1,81,103,104,-1,81,104,37,-1,37,104,105,-1,37,105,82,-1,86,106,32,-1,32,106,107,-1,32,107,38,-1,108,43,31,-1,31,43,45,-1,31,45,18,-1,18,45,109,-1,110,111,112,-1,112,111,18,-1,112,18,113,-1,113,18,99,-1,113,99,114,-1,114,99,115,-1,116,64,109,-1,109,64,66,-1,109,66,18,-1,18,66,95,-1,18,95,98,-1,98,95,97,-1,98,97,117,-1,42,102,87,-1,87,102,18,-1,87,18,118,-1,118,18,119,-1,118,120,87,-1,87,120,121,-1,87,121,122,-1,122,121,123,-1,124,32,125,-1,126,127,128,-1,129,130,125,-1,10,131,132,-1,133,134,135,-1,136,10,137,-1,137,10,132,-1,137,132,138,-1,139,140,141,-1,142,143,144,-1,144,143,145,-1,144,145,146,-1,147,148,149,-1,136,150,151,-1,152,153,154,-1,155,133,156,-1,156,133,135,-1,156,135,125,-1,125,135,147,-1,125,147,129,-1,129,147,149,-1,129,149,157,-1,158,159,160,-1,161,162,141,-1,141,162,163,-1,141,163,139,-1,139,163,164,-1,165,166,13,-1,167,154,160,-1,160,154,153,-1,160,153,158,-1,158,153,168,-1,169,170,171,-1,172,173,174,-1,166,125,13,-1,13,125,32,-1,13,32,11,-1,11,32,39,-1,11,39,19,-1,175,124,176,-1,176,124,125,-1,176,125,177,-1,177,125,130,-1,177,130,178,-1,178,130,179,-1,180,181,154,-1,174,182,172,-1,172,182,183,-1,172,183,184,-1,185,186,187,-1,188,169,167,-1,167,169,171,-1,167,171,154,-1,154,171,185,-1,154,185,180,-1,180,185,187,-1,180,187,189,-1,163,165,164,-1,164,165,13,-1,164,13,190,-1,154,191,13,-1,192,193,194,-1,195,196,191,-1,191,196,197,-1,191,197,13,-1,13,197,172,-1,13,172,190,-1,190,172,184,-1,198,199,200,-1,200,199,201,-1,200,201,202,-1,203,204,181,-1,181,204,205,-1,181,205,154,-1,154,205,192,-1,154,192,206,-1,206,192,194,-1,206,194,207,-1,208,209,210,-1,210,209,211,-1,139,212,145,-1,211,213,210,-1,210,213,214,-1,210,214,215,-1,128,140,126,-1,126,140,139,-1,126,139,216,-1,216,139,145,-1,216,145,125,-1,125,145,143,-1,125,143,156,-1,215,217,210,-1,210,217,218,-1,210,218,172,-1,172,218,219,-1,172,219,173,-1,206,201,154,-1,154,201,199,-1,154,199,220,-1,220,199,145,-1,220,145,210,-1,210,145,212,-1,210,212,208,-1,221,13,121,-1,121,13,15,-1,121,15,123,-1,221,8,13,-1,13,8,10,-1,13,10,154,-1,154,10,136,-1,154,136,152,-1,152,136,151,-1,152,151,222,-1,223,224,225,-1,225,224,226,-1,225,226,227,-1,228,229,225,-1,225,229,230,-1,225,230,231,-1,227,232,225,-1,225,232,233,-1,225,233,234,-1,234,235,225,-1,225,235,236,-1,225,236,228,-1,237,238,230,-1,230,238,239,-1,230,239,231,-1,
        ]
    }
}
Shape{
    appearance Appearance {
        material  Material {
            diffuseColor 0.8941176470588236 0.8941176470588236 0.8941176470588236
            specularColor 0.788235294117647 0.788235294117647 0.788235294117647
            ambientIntensity 0.8941
            transparency 0.0
            shininess 0.5
        }
    }
    geometry IndexedFaceSet {
        ccw TRUE
        solid FALSE
        coord DEF co Coordinate {
            point [
                -0.2522 0.0716 0.0079, -0.2476 0.0565 0.0079, -0.2983 0.0716 0.0079, -0.3045 0.0565 0.0079, -0.2728 0.1291 0.0079, -0.2664 0.1556 0.0079, -0.2143 0.0178 0.0079, -0.2344 0.0178 0.0079, -0.2741 0.1339 0.0079, -0.275 0.1388 0.0079, -0.2849 0.1556 0.0079, -0.2755 0.1388 0.0079, -0.2764 0.1339 0.0079, -0.2776 0.1291 0.0079, -0.3386 0.0178 0.0079, -0.3185 0.0178 0.0079, -0.1995 0.115 0.0079, -0.1931 0.1268 0.0079, -0.1765 0.1212 0.0079, -0.1833 0.1376 0.0079, -0.1698 0.1283 0.0079, -0.1832 0.1378 0.0079, -0.1598 0.1348 0.0079, -0.1682 0.1478 0.0079, -0.1484 0.1387 0.0079, -0.1521 0.1535 0.0079, -0.1321 0.1405 0.0079, -0.1322 0.1556 0.0079, -0.1118 0.1405 0.0079, -0.0933 0.1556 0.0079, -0.1118 0.0329 0.0079, -0.0933 0.0178 0.0079, -0.1313 0.0329 0.0079, -0.1308 0.0178 0.0079, -0.1459 0.0343 0.0079, -0.1478 0.0193 0.0079, -0.1575 0.0379 0.0079, -0.1637 0.024 0.0079, -0.1669 0.0435 0.0079, -0.1781 0.0324 0.0079, -0.1746 0.0511 0.0079, -0.1894 0.0432 0.0079, -0.1804 0.0606 0.0079, -0.1973 0.0556 0.0079, -0.1844 0.0736 0.0079, -0.2023 0.07 0.0079, -0.1857 0.088 0.0079, -0.2042 0.0884 0.0079, -0.1845 0.1018 0.0079, -0.2032 0.1014 0.0079, -0.1813 0.1127 0.0079, 0.0075 0.0178 0.0079, -0.0664 0.0178 0.0079, -0.0664 0.0329 0.0079, -0.0109 0.0329 0.0079, -0.0109 0.08 0.0079, 0.0075 0.1556 0.0079, -0.063 0.1405 0.0079, -0.063 0.1556 0.0079, -0.0109 0.1405 0.0079, -0.0109 0.0951 0.0079, -0.0597 0.0951 0.0079, -0.0597 0.08 0.0079, 0.0344 0.0249 0.0079, 0.0344 0.0401 0.0079, 0.0369 0.0387 0.0079, 0.0491 0.0189 0.0079, 0.0515 0.0333 0.0079, 0.063 0.017 0.0079, 0.0698 0.0313 0.0079, 0.0686 0.0162 0.0079, 0.0723 0.0161 0.0079, 0.0827 0.0327 0.0079, 0.0804 0.017 0.0079, 0.0344 0.1333 0.0079, 0.0344 0.1518 0.0079, 0.05 0.14 0.0079, 0.0504 0.1561 0.0079, 0.0667 0.1422 0.0079, 0.0669 0.1573 0.0079, 0.0803 0.1406 0.0079, 0.0807 0.1562 0.0079, 0.0906 0.1369 0.0079, 0.0961 0.1517 0.0079, 0.1001 0.1305 0.0079, 0.1091 0.1442 0.0079, 0.1084 0.1213 0.0079, 0.1216 0.1322 0.0079, 0.1141 0.1107 0.0079, 0.1297 0.1193 0.0079, 0.1178 0.096 0.0079, 0.135 0.1037 0.0079, 0.1185 0.0852 0.0079, 0.1369 0.0841 0.0079, 0.1171 0.0703 0.0079, 0.1356 0.0681 0.0079, 0.1133 0.0585 0.0079, 0.1315 0.0536 0.0079, 0.1076 0.0489 0.0079, 0.1241 0.0405 0.0079, 0.1011 0.0421 0.0079, 0.1138 0.0296 0.0079, 0.0927 0.0364 0.0079, 0.1027 0.0225 0.0079, 0.0893 0.0179 0.0079
            ]
        }
        coordIndex [
            0,1,2,-1,2,1,3,-1,4,5,0,-1,0,5,6,-1,0,6,1,-1,1,6,7,-1,4,8,5,-1,5,8,9,-1,5,9,10,-1,10,9,11,-1,10,11,12,-1,12,13,10,-1,10,13,2,-1,10,2,14,-1,14,2,3,-1,14,3,15,-1,16,17,18,-1,18,17,19,-1,18,19,20,-1,20,19,21,-1,20,21,22,-1,22,21,23,-1,22,23,24,-1,24,23,25,-1,24,25,26,-1,26,25,27,-1,26,27,28,-1,28,27,29,-1,28,29,30,-1,30,29,31,-1,30,31,32,-1,32,31,33,-1,32,33,34,-1,34,33,35,-1,34,35,36,-1,36,35,37,-1,36,37,38,-1,38,37,39,-1,38,39,40,-1,40,39,41,-1,40,41,42,-1,42,41,43,-1,42,43,44,-1,44,43,45,-1,44,45,46,-1,46,45,47,-1,46,47,48,-1,48,47,49,-1,48,49,50,-1,50,49,16,-1,50,16,18,-1,51,52,53,-1,53,54,51,-1,51,54,55,-1,51,55,56,-1,57,58,59,-1,59,58,56,-1,59,56,60,-1,60,56,55,-1,60,55,61,-1,61,55,62,-1,63,64,65,-1,63,65,66,-1,66,65,67,-1,66,67,68,-1,68,67,69,-1,68,69,70,-1,70,69,71,-1,71,69,72,-1,71,72,73,-1,74,75,76,-1,76,75,77,-1,76,77,78,-1,78,77,79,-1,78,79,80,-1,80,79,81,-1,80,81,82,-1,82,81,83,-1,82,83,84,-1,84,83,85,-1,84,85,86,-1,86,85,87,-1,86,87,88,-1,88,87,89,-1,88,89,90,-1,90,89,91,-1,90,91,92,-1,92,91,93,-1,92,93,94,-1,94,93,95,-1,94,95,96,-1,96,95,97,-1,96,97,98,-1,98,97,99,-1,98,99,100,-1,100,99,101,-1,100,101,102,-1,102,101,103,-1,102,103,72,-1,72,103,104,-1,72,104,73,-1,
        ]
    }
}
Shape{
    appearance Appearance {
        material  Material {
            diffuseColor 0.48627450980392156 0.48627450980392156 0.48627450980392156
            specularColor 0.42745098039215684 0.42745098039215684 0.42745098039215684
            ambientIntensity 0.4863
            transparency 0.0
            shininess 0.5
        }
    }
    geometry IndexedFaceSet {
        ccw TRUE
        solid FALSE
        coord DEF co Coordinate {
            point [
                2.2343 -0.0591 0.4213, 2.2244 -0.0591 0.4213, 2.2343 -0.2126 0.4213, 2.2244 -0.2165 0.4213, 2.2933 -0.2126 0.4213, 2.3032 -0.2165 0.4213, 2.2933 -0.0591 0.4213, 2.3032 -0.0591 0.4213, 2.0374 -0.0591 0.4213, 2.0276 -0.0591 0.4213, 2.0374 -0.2126 0.4213, 2.0276 -0.2165 0.4213, 2.0965 -0.2126 0.4213, 2.1063 -0.2165 0.4213, 2.0965 -0.0591 0.4213, 2.1063 -0.0591 0.4213, 1.8406 -0.0591 0.4213, 1.8307 -0.0591 0.4213, 1.8406 -0.2126 0.4213, 1.8307 -0.2165 0.4213, 1.8996 -0.2126 0.4213, 1.9095 -0.2165 0.4213, 1.8996 -0.0591 0.4213, 1.9095 -0.0591 0.4213, 1.6437 -0.0591 0.4213, 1.6339 -0.0591 0.4213, 1.6437 -0.2126 0.4213, 1.6339 -0.2165 0.4213, 1.7028 -0.2126 0.4213, 1.7126 -0.2165 0.4213, 1.7028 -0.0591 0.4213, 1.7126 -0.0591 0.4213, 1.4469 -0.0591 0.4213, 1.437 -0.0591 0.4213, 1.4469 -0.2126 0.4213, 1.437 -0.2165 0.4213, 1.5059 -0.2126 0.4213, 1.5158 -0.2165 0.4213, 1.5059 -0.0591 0.4213, 1.5158 -0.0591 0.4213, 1.25 -0.0591 0.4213, 1.2402 -0.0591 0.4213, 1.25 -0.2126 0.4213, 1.2402 -0.2165 0.4213, 1.3091 -0.2126 0.4213, 1.3189 -0.2165 0.4213, 1.3091 -0.0591 0.4213, 1.3189 -0.0591 0.4213, 1.0532 -0.0591 0.4213, 1.0433 -0.0591 0.4213, 1.0532 -0.2126 0.4213, 1.0433 -0.2165 0.4213, 1.1122 -0.2126 0.4213, 1.1221 -0.2165 0.4213, 1.1122 -0.0591 0.4213, 1.1221 -0.0591 0.4213, 0.8563 -0.0591 0.4213, 0.8465 -0.0591 0.4213, 0.8563 -0.2126 0.4213, 0.8465 -0.2165 0.4213, 0.9154 -0.2126 0.4213, 0.9252 -0.2165 0.4213, 0.9154 -0.0591 0.4213, 0.9252 -0.0591 0.4213, 0.6595 -0.0591 0.4213, 0.6496 -0.0591 0.4213, 0.6595 -0.2126 0.4213, 0.6496 -0.2165 0.4213, 0.7185 -0.2126 0.4213, 0.7284 -0.2165 0.4213, 0.7185 -0.0591 0.4213, 0.7284 -0.0591 0.4213, 0.4626 -0.0591 0.4213, 0.4528 -0.0591 0.4213, 0.4626 -0.2126 0.4213, 0.4528 -0.2165 0.4213, 0.5217 -0.2126 0.4213, 0.5315 -0.2165 0.4213, 0.5217 -0.0591 0.4213, 0.5315 -0.0591 0.4213, 0.2658 -0.0591 0.4213, 0.2559 -0.0591 0.4213, 0.2658 -0.2126 0.4213, 0.2559 -0.2165 0.4213, 0.3248 -0.2126 0.4213, 0.3347 -0.2165 0.4213, 0.3248 -0.0591 0.4213, 0.3347 -0.0591 0.4213, 0.0689 -0.0591 0.4213, 0.0591 -0.0591 0.4213, 0.0689 -0.2126 0.4213, 0.0591 -0.2165 0.4213, 0.128 -0.2126 0.4213, 0.1378 -0.2165 0.4213, 0.128 -0.0591 0.4213, 0.1378 -0.0591 0.4213, -0.1279 -0.0591 0.4213, -0.1378 -0.0591 0.4213, -0.1279 -0.2126 0.4213, -0.1378 -0.2165 0.4213, -0.0689 -0.2126 0.4213, -0.059 -0.2165 0.4213, -0.0689 -0.0591 0.4213, -0.059 -0.0591 0.4213, -0.3248 -0.0591 0.4213, -0.3346 -0.0591 0.4213, -0.3248 -0.2126 0.4213, -0.3346 -0.2165 0.4213, -0.2657 -0.2126 0.4213, -0.2559 -0.2165 0.4213, -0.2657 -0.0591 0.4213, -0.2559 -0.0591 0.4213, -0.5216 -0.0591 0.4213, -0.5315 -0.0591 0.4213, -0.5216 -0.2126 0.4213, -0.5315 -0.2165 0.4213, -0.4626 -0.2126 0.4213, -0.4527 -0.2165 0.4213, -0.4626 -0.0591 0.4213, -0.4527 -0.0591 0.4213, -0.7185 -0.0591 0.4213, -0.7283 -0.0591 0.4213, -0.7185 -0.2126 0.4213, -0.7283 -0.2165 0.4213, -0.6594 -0.2126 0.4213, -0.6496 -0.2165 0.4213, -0.6594 -0.0591 0.4213, -0.6496 -0.0591 0.4213, -0.9153 -0.0591 0.4213, -0.9252 -0.0591 0.4213, -0.9153 -0.2126 0.4213, -0.9252 -0.2165 0.4213, -0.8563 -0.2126 0.4213, -0.8464 -0.2165 0.4213, -0.8563 -0.0591 0.4213, -0.8464 -0.0591 0.4213, -1.1122 -0.0591 0.4213, -1.122 -0.0591 0.4213, -1.1122 -0.2126 0.4213, -1.122 -0.2165 0.4213, -1.0531 -0.2126 0.4213, -1.0433 -0.2165 0.4213, -1.0531 -0.0591 0.4213, -1.0433 -0.0591 0.4213, -1.309 -0.0591 0.4213, -1.3189 -0.0591 0.4213, -1.309 -0.2126 0.4213, -1.3189 -0.2165 0.4213, -1.25 -0.2126 0.4213, -1.2401 -0.2165 0.4213, -1.25 -0.0591 0.4213, -1.2401 -0.0591 0.4213, -1.5059 -0.0591 0.4213, -1.5157 -0.0591 0.4213, -1.5059 -0.2126 0.4213, -1.5157 -0.2165 0.4213, -1.4468 -0.2126 0.4213, -1.437 -0.2165 0.4213, -1.4468 -0.0591 0.4213, -1.437 -0.0591 0.4213, -1.7027 -0.0591 0.4213, -1.7126 -0.0591 0.4213, -1.7027 -0.2126 0.4213, -1.7126 -0.2165 0.4213, -1.6437 -0.2126 0.4213, -1.6338 -0.2165 0.4213, -1.6437 -0.0591 0.4213, -1.6338 -0.0591 0.4213, -1.8996 -0.0591 0.4213, -1.9094 -0.0591 0.4213, -1.8996 -0.2126 0.4213, -1.9094 -0.2165 0.4213, -1.8405 -0.2126 0.4213, -1.8307 -0.2165 0.4213, -1.8405 -0.0591 0.4213, -1.8307 -0.0591 0.4213, -2.0964 -0.0591 0.4213, -2.1063 -0.0591 0.4213, -2.0964 -0.2126 0.4213, -2.1063 -0.2165 0.4213, -2.0374 -0.2126 0.4213, -2.0275 -0.2165 0.4213, -2.0374 -0.0591 0.4213, -2.0275 -0.0591 0.4213, -2.2933 0.5315 0.0128, -2.2933 0.5315 0.0079, -2.5246 0.5315 0.0079, -2.0964 0.5315 0.0128, -2.0964 0.5315 0.0079, -2.1653 0.5315 0.0079, -1.8996 0.5315 0.0128, -1.8996 0.5315 0.0079, -1.9685 0.5315 0.0079, -1.7027 0.5315 0.0128, -1.7027 0.5315 0.0079, -1.7716 0.5315 0.0079, -1.5059 0.5315 0.0128, -1.5059 0.5315 0.0079, -1.5748 0.5315 0.0079, -1.1122 0.5315 0.0128, -1.1122 0.5315 0.0079, -1.1811 0.5315 0.0079, -0.9153 0.5315 0.0128, -0.9153 0.5315 0.0079, -0.9842 0.5315 0.0079, -0.7185 0.5315 0.0128, -0.7185 0.5315 0.0079, -0.7874 0.5315 0.0079, -0.5216 0.5315 0.0128, -0.5216 0.5315 0.0079, -0.5905 0.5315 0.0079, -0.3248 0.5315 0.0128, -0.3248 0.5315 0.0079, -0.3937 0.5315 0.0079, 0.2658 0.5315 0.0128, 0.2658 0.5315 0.0079, 0.1969 0.5315 0.0079, 0.4626 0.5315 0.0128, 0.4626 0.5315 0.0079, 0.3937 0.5315 0.0079, 0.6595 0.5315 0.0128, 0.6595 0.5315 0.0079, 0.5906 0.5315 0.0079, 0.8563 0.5315 0.0128, 0.8563 0.5315 0.0079, 0.7874 0.5315 0.0079, 1.25 0.5315 0.0128, 1.25 0.5315 0.0079, 1.1811 0.5315 0.0079, 1.4469 0.5315 0.0128, 1.4469 0.5315 0.0079, 1.378 0.5315 0.0079, 1.6437 0.5315 0.0128, 1.6437 0.5315 0.0079, 1.5748 0.5315 0.0079, 1.8406 0.5315 0.0128, 1.8406 0.5315 0.0079, 1.7717 0.5315 0.0079, 2.0374 0.5315 0.0128, 2.0374 0.5315 0.0079, 1.9685 0.5315 0.0079, 2.2343 0.5315 0.0079, 2.0965 0.5315 0.0079, 2.2343 0.5315 0.0128, 2.0965 0.5315 0.0128, 2.7559 0.5315 0.0079, 2.2933 0.5315 0.0079, 2.2933 0.5315 0.0128, 2.2343 0.5315 0.0266, 2.2933 0.5315 0.0266, 2.2343 0.5315 0.1457, 1.9685 0.5315 0.1654, 2.2933 0.5315 0.1457, 2.6378 0.5315 0.1654, 2.0965 0.5315 0.1457, 2.0374 0.5315 0.1457, 2.0374 0.5315 0.0266, 2.7559 0.5315 0.313, 2.6378 0.5315 0.2362, 2.0965 0.5315 0.0266, 2.6378 0.5315 0.4803, 2.7559 0.5315 0.4803, 2.6378 0.5315 0.4724, 2.6378 0.5315 0.313, 1.8996 0.5315 0.0079, 1.8996 0.5315 0.0128, 1.8406 0.5315 0.1457, 1.7717 0.5315 0.1654, 1.8406 0.5315 0.0266, 1.8996 0.5315 0.0266, 1.8996 0.5315 0.1457, 1.6437 0.5315 0.0266, 1.7028 0.5315 0.0266, 1.7028 0.5315 0.0128, 1.7028 0.5315 0.0079, 1.7028 0.5315 0.1457, 1.6437 0.5315 0.1457, 1.5748 0.5315 0.1654, 1.5059 0.5315 0.0079, 1.5059 0.5315 0.0128, 1.378 0.5315 0.1654, 1.4469 0.5315 0.1457, 1.4469 0.5315 0.0266, 1.5059 0.5315 0.1457, 1.5059 0.5315 0.0266, 1.3091 0.5315 0.0079, 1.3091 0.5315 0.0128, 1.1811 0.5315 0.1654, 1.25 0.5315 0.1457, 1.25 0.5315 0.0266, 1.3091 0.5315 0.1457, 1.3091 0.5315 0.0266, 1.1122 0.5315 0.0079, 1.1122 0.5315 0.0128, 1.0532 0.5315 0.1457, 0.7874 0.5315 0.1654, 1.0532 0.5315 0.0079, 0.9154 0.5315 0.0079, 1.0532 0.5315 0.0128, 0.9154 0.5315 0.0128, 1.0532 0.5315 0.0266, 1.1122 0.5315 0.0266, 1.1122 0.5315 0.1457, 0.9154 0.5315 0.1457, 0.8563 0.5315 0.1457, 0.8563 0.5315 0.0266, 0.9154 0.5315 0.0266, 0.7185 0.5315 0.0079, 0.7185 0.5315 0.0128, 0.5906 0.5315 0.1654, 0.6595 0.5315 0.1457, 0.6595 0.5315 0.0266, 0.7185 0.5315 0.1457, 0.7185 0.5315 0.0266, 0.5217 0.5315 0.0079, 0.5217 0.5315 0.0128, 0.3937 0.5315 0.1654, 0.4626 0.5315 0.0266, 0.5217 0.5315 0.0266, 0.5217 0.5315 0.1457, 0.4626 0.5315 0.1457, 0.2658 0.5315 0.0266, 0.3248 0.5315 0.0266, 0.3248 0.5315 0.0128, 0.3248 0.5315 0.0079, 0.3248 0.5315 0.1457, 0.2658 0.5315 0.1457, 0.1969 0.5315 0.1654, 0.128 0.5315 0.0079, 0.128 0.5315 0.0128, 0.0689 0.5315 0.1457, 0.0 0.5315 0.1654, 0.0689 0.5315 0.0266, 0.0689 0.5315 0.0079, 0.021 0.5315 0.0079, 0.0689 0.5315 0.0128, 0.128 0.5315 0.0266, 0.128 0.5315 0.1457, 0.0 0.5315 0.0079, -0.0689 0.5315 0.0079, -0.0689 0.5315 0.0128, -0.1279 0.5315 0.1457, -0.3937 0.5315 0.1654, -0.1279 0.5315 0.0079, -0.2657 0.5315 0.0079, -0.1279 0.5315 0.0128, -0.2657 0.5315 0.0128, -0.1279 0.5315 0.0266, -0.0689 0.5315 0.0266, -0.0689 0.5315 0.1457, -0.2657 0.5315 0.1457, -0.3248 0.5315 0.1457, -0.3248 0.5315 0.0266, -0.2657 0.5315 0.0266, -0.4626 0.5315 0.0079, -0.4626 0.5315 0.0128, -0.5216 0.5315 0.1457, -0.5905 0.5315 0.1654, -0.5216 0.5315 0.0266, -0.4626 0.5315 0.0266, -0.4626 0.5315 0.1457, -0.7185 0.5315 0.0266, -0.6594 0.5315 0.0266, -0.6594 0.5315 0.0128, -0.6594 0.5315 0.0079, -0.6594 0.5315 0.1457, -0.7185 0.5315 0.1457, -0.7874 0.5315 0.1654, -0.8563 0.5315 0.0079, -0.8563 0.5315 0.0128, -0.9842 0.5315 0.1654, -0.9153 0.5315 0.1457, -0.9153 0.5315 0.0266, -0.8563 0.5315 0.1457, -0.8563 0.5315 0.0266, -1.0531 0.5315 0.0079, -1.0531 0.5315 0.0128, -1.1811 0.5315 0.1654, -1.1122 0.5315 0.1457, -1.1122 0.5315 0.0266, -1.0531 0.5315 0.1457, -1.0531 0.5315 0.0266, -1.25 0.5315 0.0079, -1.25 0.5315 0.0128, -1.309 0.5315 0.1457, -1.5748 0.5315 0.1654, -1.309 0.5315 0.0079, -1.4468 0.5315 0.0079, -1.309 0.5315 0.0128, -1.4468 0.5315 0.0128, -1.309 0.5315 0.0266, -1.25 0.5315 0.0266, -1.25 0.5315 0.1457, -1.4468 0.5315 0.1457, -1.5059 0.5315 0.1457, -1.5059 0.5315 0.0266, -1.4468 0.5315 0.0266, -1.6437 0.5315 0.0079, -1.6437 0.5315 0.0128, -1.7716 0.5315 0.1654, -1.7027 0.5315 0.1457, -1.7027 0.5315 0.0266, -1.6437 0.5315 0.1457, -1.6437 0.5315 0.0266, -1.8405 0.5315 0.0079, -1.8405 0.5315 0.0128, -1.9685 0.5315 0.1654, -1.8996 0.5315 0.1457, -1.8996 0.5315 0.0266, -1.8405 0.5315 0.1457, -1.8405 0.5315 0.0266, -2.0374 0.5315 0.0079, -2.0374 0.5315 0.0128, -2.1653 0.5315 0.1654, -2.0964 0.5315 0.1457, -2.0964 0.5315 0.0266, -2.0374 0.5315 0.1457, -2.0374 0.5315 0.0266, -2.2342 0.5315 0.0079, -2.2342 0.5315 0.0128, -2.2933 0.5315 0.0266, -2.5246 0.5315 0.1654, -2.2933 0.5315 0.1457, -2.2342 0.5315 0.1457, -2.2342 0.5315 0.0266, -2.6378 0.5315 0.1654, -2.7559 0.5315 0.0079, -2.6378 0.5315 0.2362, -2.7559 0.5315 0.313, -2.6378 0.5315 0.313, -2.6378 0.5315 0.4724, -2.7559 0.5315 0.4803, -2.6378 0.5315 0.4803
            ]
        }
        coordIndex [
            0,1,2,-1,2,1,3,-1,2,3,4,-1,4,3,5,-1,4,5,6,-1,6,5,7,-1,8,9,10,-1,10,9,11,-1,10,11,12,-1,12,11,13,-1,12,13,14,-1,14,13,15,-1,16,17,18,-1,18,17,19,-1,18,19,20,-1,20,19,21,-1,20,21,22,-1,22,21,23,-1,24,25,26,-1,26,25,27,-1,26,27,28,-1,28,27,29,-1,28,29,30,-1,30,29,31,-1,32,33,34,-1,34,33,35,-1,34,35,36,-1,36,35,37,-1,36,37,38,-1,38,37,39,-1,40,41,42,-1,42,41,43,-1,42,43,44,-1,44,43,45,-1,44,45,46,-1,46,45,47,-1,48,49,50,-1,50,49,51,-1,50,51,52,-1,52,51,53,-1,52,53,54,-1,54,53,55,-1,56,57,58,-1,58,57,59,-1,58,59,60,-1,60,59,61,-1,60,61,62,-1,62,61,63,-1,64,65,66,-1,66,65,67,-1,66,67,68,-1,68,67,69,-1,68,69,70,-1,70,69,71,-1,72,73,74,-1,74,73,75,-1,74,75,76,-1,76,75,77,-1,76,77,78,-1,78,77,79,-1,80,81,82,-1,82,81,83,-1,82,83,84,-1,84,83,85,-1,84,85,86,-1,86,85,87,-1,88,89,90,-1,90,89,91,-1,90,91,92,-1,92,91,93,-1,92,93,94,-1,94,93,95,-1,96,97,98,-1,98,97,99,-1,98,99,100,-1,100,99,101,-1,100,101,102,-1,102,101,103,-1,104,105,106,-1,106,105,107,-1,106,107,108,-1,108,107,109,-1,108,109,110,-1,110,109,111,-1,112,113,114,-1,114,113,115,-1,114,115,116,-1,116,115,117,-1,116,117,118,-1,118,117,119,-1,120,121,122,-1,122,121,123,-1,122,123,124,-1,124,123,125,-1,124,125,126,-1,126,125,127,-1,128,129,130,-1,130,129,131,-1,130,131,132,-1,132,131,133,-1,132,133,134,-1,134,133,135,-1,136,137,138,-1,138,137,139,-1,138,139,140,-1,140,139,141,-1,140,141,142,-1,142,141,143,-1,144,145,146,-1,146,145,147,-1,146,147,148,-1,148,147,149,-1,148,149,150,-1,150,149,151,-1,152,153,154,-1,154,153,155,-1,154,155,156,-1,156,155,157,-1,156,157,158,-1,158,157,159,-1,160,161,162,-1,162,161,163,-1,162,163,164,-1,164,163,165,-1,164,165,166,-1,166,165,167,-1,168,169,170,-1,170,169,171,-1,170,171,172,-1,172,171,173,-1,172,173,174,-1,174,173,175,-1,176,177,178,-1,178,177,179,-1,178,179,180,-1,180,179,181,-1,180,181,182,-1,182,181,183,-1,184,185,186,-1,187,188,189,-1,190,191,192,-1,193,194,195,-1,196,197,198,-1,199,200,201,-1,202,203,204,-1,205,206,207,-1,208,209,210,-1,211,212,213,-1,214,215,216,-1,217,218,219,-1,220,221,222,-1,223,224,225,-1,226,227,228,-1,229,230,231,-1,232,233,234,-1,235,236,237,-1,238,239,240,-1,241,242,243,-1,243,242,244,-1,245,246,247,-1,243,248,247,-1,247,248,249,-1,247,249,245,-1,250,251,252,-1,252,251,253,-1,250,254,251,-1,251,254,255,-1,251,255,256,-1,249,252,245,-1,245,252,253,-1,245,253,257,-1,257,253,258,-1,250,248,254,-1,254,248,243,-1,254,243,259,-1,259,243,244,-1,259,244,256,-1,256,244,238,-1,256,238,251,-1,260,261,262,-1,262,261,257,-1,262,257,263,-1,263,257,258,-1,238,240,251,-1,251,240,264,-1,251,264,265,-1,251,266,267,-1,267,266,268,-1,237,267,235,-1,235,267,268,-1,235,268,265,-1,265,268,269,-1,265,269,251,-1,251,269,270,-1,251,270,266,-1,271,272,273,-1,273,272,267,-1,273,267,274,-1,274,267,237,-1,272,275,267,-1,267,275,276,-1,267,276,277,-1,277,276,271,-1,277,271,232,-1,232,271,273,-1,232,234,277,-1,277,234,278,-1,277,278,279,-1,280,281,282,-1,281,280,283,-1,283,280,277,-1,283,277,284,-1,284,277,279,-1,284,279,282,-1,282,279,229,-1,282,229,280,-1,229,231,280,-1,280,231,285,-1,280,285,286,-1,287,288,289,-1,288,287,290,-1,290,287,280,-1,290,280,291,-1,291,280,286,-1,291,286,289,-1,289,286,226,-1,289,226,287,-1,226,228,287,-1,287,228,292,-1,287,292,293,-1,294,295,287,-1,296,297,298,-1,298,297,299,-1,298,300,293,-1,293,300,301,-1,293,301,287,-1,287,301,302,-1,287,302,294,-1,294,303,295,-1,295,303,304,-1,295,304,305,-1,294,300,303,-1,303,300,298,-1,303,298,306,-1,306,298,299,-1,306,299,305,-1,305,299,223,-1,305,223,295,-1,223,225,295,-1,295,225,307,-1,295,307,308,-1,309,310,311,-1,310,309,312,-1,312,309,295,-1,312,295,313,-1,313,295,308,-1,313,308,311,-1,311,308,220,-1,311,220,309,-1,220,222,309,-1,309,222,314,-1,309,314,315,-1,219,316,217,-1,217,316,317,-1,217,317,315,-1,315,317,318,-1,315,318,309,-1,309,318,319,-1,309,319,316,-1,316,319,320,-1,316,320,317,-1,321,322,323,-1,323,322,316,-1,323,316,324,-1,324,316,219,-1,322,325,316,-1,316,325,326,-1,316,326,327,-1,327,326,321,-1,327,321,214,-1,214,321,323,-1,214,216,327,-1,327,216,328,-1,327,328,329,-1,327,330,331,-1,331,330,332,-1,333,334,331,-1,333,331,335,-1,335,331,332,-1,335,332,329,-1,329,332,336,-1,329,336,327,-1,327,336,337,-1,327,337,330,-1,334,338,331,-1,331,338,339,-1,331,339,340,-1,341,342,331,-1,343,344,345,-1,345,344,346,-1,345,347,340,-1,340,347,348,-1,340,348,331,-1,331,348,349,-1,331,349,341,-1,341,350,342,-1,342,350,351,-1,342,351,352,-1,341,347,350,-1,350,347,345,-1,350,345,353,-1,353,345,346,-1,353,346,352,-1,352,346,211,-1,352,211,342,-1,211,213,342,-1,342,213,354,-1,342,354,355,-1,342,356,357,-1,357,356,358,-1,210,357,208,-1,208,357,358,-1,208,358,355,-1,355,358,359,-1,355,359,342,-1,342,359,360,-1,342,360,356,-1,361,362,363,-1,363,362,357,-1,363,357,364,-1,364,357,210,-1,362,365,357,-1,357,365,366,-1,357,366,367,-1,367,366,361,-1,367,361,205,-1,205,361,363,-1,205,207,367,-1,367,207,368,-1,367,368,369,-1,370,371,372,-1,371,370,373,-1,373,370,367,-1,373,367,374,-1,374,367,369,-1,374,369,372,-1,372,369,202,-1,372,202,370,-1,202,204,370,-1,370,204,375,-1,370,375,376,-1,377,378,379,-1,378,377,380,-1,380,377,370,-1,380,370,381,-1,381,370,376,-1,381,376,379,-1,379,376,199,-1,379,199,377,-1,199,201,377,-1,377,201,382,-1,377,382,383,-1,384,385,377,-1,386,387,388,-1,388,387,389,-1,388,390,383,-1,383,390,391,-1,383,391,377,-1,377,391,392,-1,377,392,384,-1,384,393,385,-1,385,393,394,-1,385,394,395,-1,384,390,393,-1,393,390,388,-1,393,388,396,-1,396,388,389,-1,396,389,395,-1,395,389,196,-1,395,196,385,-1,196,198,385,-1,385,198,397,-1,385,397,398,-1,399,400,401,-1,400,399,402,-1,402,399,385,-1,402,385,403,-1,403,385,398,-1,403,398,401,-1,401,398,193,-1,401,193,399,-1,193,195,399,-1,399,195,404,-1,399,404,405,-1,406,407,408,-1,407,406,409,-1,409,406,399,-1,409,399,410,-1,410,399,405,-1,410,405,408,-1,408,405,190,-1,408,190,406,-1,190,192,406,-1,406,192,411,-1,406,411,412,-1,413,414,415,-1,414,413,416,-1,416,413,406,-1,416,406,417,-1,417,406,412,-1,417,412,415,-1,415,412,187,-1,415,187,413,-1,187,189,413,-1,413,189,418,-1,413,418,419,-1,420,421,422,-1,422,421,413,-1,422,413,423,-1,423,413,424,-1,424,413,419,-1,424,419,420,-1,420,419,184,-1,420,184,421,-1,421,184,186,-1,421,186,425,-1,425,186,426,-1,425,426,427,-1,427,426,428,-1,427,428,429,-1,429,428,430,-1,430,428,431,-1,430,431,432,-1,
        ]
    }
}
Shape{
    appearance Appearance {
        material  Material {
            diffuseColor 0.8941176470588236 0.8941176470588236 0.8941176470588236
            specularColor 0.788235294117647 0.788235294117647 0.788235294117647
            ambientIntensity 0.8941
            transparency 0.0
            shininess 0.5
        }
    }
    geometry IndexedFaceSet {
        ccw TRUE
        solid FALSE
        coord DEF co Coordinate {
            point [
                0.2008 0.1556 0.0079, 0.2193 0.1556 0.0079, 0.2008 0.0329 0.0079, 0.2193 0.0178 0.0079, 0.1487 0.0329 0.0079, 0.1487 0.0178 0.0079
            ]
        }
        coordIndex [
            0,1,2,-1,2,1,3,-1,2,3,4,-1,4,3,5,-1,
        ]
    }
}
Shape{
    appearance Appearance {
        material  Material {
            diffuseColor 0.48627450980392156 0.48627450980392156 0.48627450980392156
            specularColor 0.42745098039215684 0.42745098039215684 0.42745098039215684
            ambientIntensity 0.4863
            transparency 0.0
            shininess 0.5
        }
    }
    geometry IndexedFaceSet {
        ccw TRUE
        solid FALSE
        coord DEF co Coordinate {
            point [
                -2.2933 -0.0591 0.4213, -2.3031 -0.0591 0.4213, -2.2933 -0.2126 0.4213, -2.3031 -0.2165 0.4213, -2.2342 -0.2126 0.4213, -2.2244 -0.2165 0.4213, -2.2342 -0.0591 0.4213, -2.2244 -0.0591 0.4213, -2.6378 0.5315 0.4724, -2.6378 0.5315 0.4803, -2.6378 0.0197 0.4724, -2.6378 -0.0591 0.4803, -2.6378 0.0197 0.2362, -2.6378 -0.0591 0.1654, -2.6378 0.5315 0.2362, -2.6378 0.5315 0.1654, 2.6378 0.5315 0.4803, 2.6378 0.5315 0.4724, 2.6378 0.0197 0.4724, 2.6378 0.5315 0.2362, 2.6378 0.5315 0.1654, 2.6378 0.0197 0.2362, 2.6378 -0.0591 0.1654, 2.6378 -0.0591 0.4803, 2.7559 -0.2953 0.0079, 2.7559 0.5315 0.0079, 2.7559 -0.2953 0.4803, 2.7559 0.5315 0.4803, -2.7559 -0.2953 0.4803, -2.7559 0.5315 0.4803, -2.7559 -0.2953 0.0079, -2.7559 0.5315 0.0079, -2.5787 -0.689 0.4803, -2.5787 -0.689 0.0079, -2.4862 -0.689 0.126, 0.021 -0.689 0.0079, 2.4863 -0.689 0.126, 2.5788 -0.689 0.0079, 2.4863 -0.689 0.3622, 2.5788 -0.689 0.4803, -2.4862 -0.689 0.3622, -1.9094 -0.2165 0.4803, -1.9094 -0.0591 0.4803, -2.0275 -0.0591 0.4803, -2.0275 -0.2165 0.4803, -2.1063 -0.2165 0.4803, -2.1063 -0.0591 0.4803, -2.2244 -0.0591 0.4803, -2.2244 -0.2165 0.4803, -2.3031 -0.2165 0.4803, -2.5787 -0.2953 0.4803, -2.3031 -0.0591 0.4803, -1.5157 -0.2165 0.4803, -1.5157 -0.0591 0.4803, -1.6338 -0.0591 0.4803, 2.5788 -0.2953 0.4803, 2.3032 -0.0591 0.4803, 2.3032 -0.2165 0.4803, 2.2244 -0.2165 0.4803, -1.7126 -0.0591 0.4803, -1.8307 -0.0591 0.4803, -1.7126 -0.2165 0.4803, -1.8307 -0.2165 0.4803, 2.2244 -0.0591 0.4803, 2.1063 -0.0591 0.4803, 2.1063 -0.2165 0.4803, 2.0276 -0.2165 0.4803, 2.0276 -0.0591 0.4803, 1.9095 -0.0591 0.4803, 1.9095 -0.2165 0.4803, 1.8307 -0.2165 0.4803, 1.8307 -0.0591 0.4803, 1.7126 -0.0591 0.4803, 1.7126 -0.2165 0.4803, 1.6339 -0.2165 0.4803, 1.6339 -0.0591 0.4803, 1.5158 -0.0591 0.4803, 1.5158 -0.2165 0.4803, 1.437 -0.2165 0.4803, 1.437 -0.0591 0.4803, 1.3189 -0.0591 0.4803, 1.3189 -0.2165 0.4803, 1.2402 -0.2165 0.4803, 1.2402 -0.0591 0.4803, 1.1221 -0.0591 0.4803, 1.1221 -0.2165 0.4803, 1.0433 -0.2165 0.4803, 1.0433 -0.0591 0.4803, 0.9252 -0.0591 0.4803, 0.9252 -0.2165 0.4803, 0.8465 -0.2165 0.4803, 0.8465 -0.0591 0.4803, 0.7284 -0.0591 0.4803, 0.7284 -0.2165 0.4803, 0.6496 -0.2165 0.4803, 0.6496 -0.0591 0.4803, 0.5315 -0.0591 0.4803, 0.5315 -0.2165 0.4803, 0.4528 -0.2165 0.4803, 0.4528 -0.0591 0.4803, 0.3347 -0.0591 0.4803, 0.3347 -0.2165 0.4803, 0.2559 -0.2165 0.4803, 0.2559 -0.0591 0.4803, 0.1378 -0.0591 0.4803, 0.1378 -0.2165 0.4803, 0.0591 -0.2165 0.4803, 0.0591 -0.0591 0.4803, -0.059 -0.0591 0.4803, -0.059 -0.2165 0.4803, -0.1378 -0.2165 0.4803, -0.1378 -0.0591 0.4803, -0.2559 -0.0591 0.4803, -0.2559 -0.2165 0.4803, -0.3346 -0.2165 0.4803, -0.3346 -0.0591 0.4803, -0.4527 -0.0591 0.4803, -0.4527 -0.2165 0.4803, -0.5315 -0.2165 0.4803, -0.5315 -0.0591 0.4803, -0.6496 -0.0591 0.4803, -0.6496 -0.2165 0.4803, -0.7283 -0.2165 0.4803, -0.7283 -0.0591 0.4803, -0.8464 -0.0591 0.4803, -0.8464 -0.2165 0.4803, -0.9252 -0.2165 0.4803, -0.9252 -0.0591 0.4803, -1.0433 -0.0591 0.4803, -1.0433 -0.2165 0.4803, -1.122 -0.2165 0.4803, -1.122 -0.0591 0.4803, -1.2401 -0.0591 0.4803, -1.2401 -0.2165 0.4803, -1.3189 -0.2165 0.4803, -1.3189 -0.0591 0.4803, -1.437 -0.0591 0.4803, -1.437 -0.2165 0.4803, -1.6338 -0.2165 0.4803, -2.5984 -0.2953 0.1575, -2.5787 -0.2953 0.0079, -2.5984 -0.2953 0.2756, -2.6574 -0.2953 0.2756, -2.6574 -0.2953 0.1575, 2.5788 -0.2953 0.0079, 2.5985 -0.2953 0.1575, 2.5985 -0.2953 0.2756, 2.6575 -0.2953 0.1575, 2.6575 -0.2953 0.2756, -0.8464 -0.0591 0.4213, -1.0433 -0.0591 0.4213, -2.1063 -0.0591 0.4213, -1.8307 -0.0591 0.4213, -0.9252 -0.0591 0.4213, -0.9153 -0.0591 0.4213, -0.4626 -0.0591 0.4213, -0.4527 -0.0591 0.4213, -0.8563 -0.0591 0.4213, -0.7283 -0.0591 0.4213, -0.2657 -0.0591 0.4213, -0.2559 -0.0591 0.4213, -1.6338 -0.0591 0.4213, -0.7185 -0.0591 0.4213, -0.6594 -0.0591 0.4213, -0.6496 -0.0591 0.4213, -1.7126 -0.0591 0.4213, -1.7027 -0.0591 0.4213, -0.3346 -0.0591 0.4213, -0.3248 -0.0591 0.4213, -0.0689 -0.0591 0.4213, -0.059 -0.0591 0.4213, -0.5315 -0.0591 0.4213, -0.5216 -0.0591 0.4213, -0.1378 -0.0591 0.4213, -0.1279 -0.0591 0.4213, 0.128 -0.0591 0.4213, 0.1378 -0.0591 0.4213, -2.0964 -0.0591 0.4213, -2.0374 -0.0591 0.4213, -2.0275 -0.0591 0.4213, -1.25 -0.0591 0.4213, -1.2401 -0.0591 0.4213, -1.5157 -0.0591 0.4213, -1.6437 -0.0591 0.4213, 0.0591 -0.0591 0.4213, 0.0689 -0.0591 0.4213, -1.9094 -0.0591 0.4213, -1.8996 -0.0591 0.4213, -1.0531 -0.0591 0.4213, 0.3248 -0.0591 0.4213, 0.3347 -0.0591 0.4213, -1.122 -0.0591 0.4213, -1.1122 -0.0591 0.4213, 0.2559 -0.0591 0.4213, 0.2658 -0.0591 0.4213, -1.8405 -0.0591 0.4213, -1.5059 -0.0591 0.4213, -1.4468 -0.0591 0.4213, -1.437 -0.0591 0.4213, 0.5217 -0.0591 0.4213, 0.5315 -0.0591 0.4213, 0.4528 -0.0591 0.4213, 0.4626 -0.0591 0.4213, -1.3189 -0.0591 0.4213, -1.309 -0.0591 0.4213, 0.7185 -0.0591 0.4213, 0.7284 -0.0591 0.4213, 0.6496 -0.0591 0.4213, 0.6595 -0.0591 0.4213, 0.9154 -0.0591 0.4213, 0.9252 -0.0591 0.4213, 0.8465 -0.0591 0.4213, 0.8563 -0.0591 0.4213, 1.1122 -0.0591 0.4213, 1.1221 -0.0591 0.4213, 1.0433 -0.0591 0.4213, 1.0532 -0.0591 0.4213, 1.3091 -0.0591 0.4213, 1.3189 -0.0591 0.4213, 1.2402 -0.0591 0.4213, 1.25 -0.0591 0.4213, 1.5059 -0.0591 0.4213, 1.5158 -0.0591 0.4213, 1.437 -0.0591 0.4213, 1.4469 -0.0591 0.4213, 1.7028 -0.0591 0.4213, 1.7126 -0.0591 0.4213, 1.6339 -0.0591 0.4213, 1.6437 -0.0591 0.4213, 1.8996 -0.0591 0.4213, 1.9095 -0.0591 0.4213, 2.0965 -0.0591 0.4213, 2.1063 -0.0591 0.4213, 1.8307 -0.0591 0.4213, 1.8406 -0.0591 0.4213, 2.0276 -0.0591 0.4213, 2.0374 -0.0591 0.4213, 2.3032 -0.0591 0.4213, 2.2933 -0.0591 0.4213, 2.2244 -0.0591 0.4213, 2.2343 -0.0591 0.4213
            ]
        }
        coordIndex [
            0,1,2,-1,2,1,3,-1,2,3,4,-1,4,3,5,-1,4,5,6,-1,6,5,7,-1,8,9,10,-1,10,9,11,-1,10,11,12,-1,12,11,13,-1,12,13,14,-1,14,13,15,-1,16,17,18,-1,19,20,21,-1,21,20,22,-1,21,22,18,-1,18,22,23,-1,18,23,16,-1,24,25,26,-1,26,25,27,-1,28,29,30,-1,30,29,31,-1,32,33,34,-1,34,33,35,-1,34,35,36,-1,36,35,37,-1,36,37,38,-1,38,37,39,-1,38,39,40,-1,40,39,32,-1,40,32,34,-1,41,42,43,-1,44,45,32,-1,46,47,45,-1,45,47,48,-1,45,48,32,-1,32,48,49,-1,32,49,50,-1,50,49,51,-1,50,51,28,-1,28,51,11,-1,28,11,29,-1,29,11,9,-1,52,53,54,-1,27,16,26,-1,26,16,23,-1,26,23,55,-1,55,23,56,-1,55,56,39,-1,39,56,57,-1,39,57,58,-1,59,60,61,-1,61,60,62,-1,63,64,58,-1,58,64,65,-1,58,65,39,-1,39,65,66,-1,67,68,66,-1,66,68,69,-1,66,69,39,-1,39,69,70,-1,71,72,70,-1,70,72,73,-1,70,73,39,-1,39,73,74,-1,75,76,74,-1,74,76,77,-1,74,77,39,-1,39,77,78,-1,79,80,78,-1,78,80,81,-1,78,81,39,-1,39,81,82,-1,83,84,82,-1,82,84,85,-1,82,85,39,-1,39,85,86,-1,87,88,86,-1,86,88,89,-1,86,89,39,-1,39,89,90,-1,91,92,90,-1,90,92,93,-1,90,93,39,-1,39,93,94,-1,95,96,94,-1,94,96,97,-1,94,97,39,-1,39,97,98,-1,99,100,98,-1,98,100,101,-1,98,101,39,-1,39,101,102,-1,103,104,102,-1,102,104,105,-1,102,105,39,-1,39,105,106,-1,107,108,106,-1,106,108,109,-1,106,109,39,-1,39,109,110,-1,111,112,110,-1,110,112,113,-1,110,113,39,-1,39,113,114,-1,115,116,114,-1,114,116,117,-1,114,117,39,-1,39,117,118,-1,119,120,118,-1,118,120,121,-1,118,121,39,-1,39,121,122,-1,123,124,122,-1,122,124,125,-1,122,125,39,-1,39,125,126,-1,127,128,126,-1,126,128,129,-1,126,129,39,-1,39,129,130,-1,131,132,130,-1,130,132,133,-1,130,133,39,-1,39,133,134,-1,135,136,134,-1,134,136,137,-1,134,137,39,-1,39,137,52,-1,39,52,138,-1,138,52,54,-1,43,44,41,-1,41,44,32,-1,41,32,62,-1,62,32,39,-1,62,39,61,-1,61,39,138,-1,139,140,141,-1,141,140,50,-1,141,50,142,-1,142,50,28,-1,142,28,143,-1,143,28,30,-1,143,30,139,-1,139,30,140,-1,140,33,50,-1,50,33,32,-1,37,144,39,-1,39,144,55,-1,144,145,146,-1,145,144,147,-1,147,144,24,-1,147,24,148,-1,148,24,26,-1,148,26,146,-1,146,26,55,-1,146,55,144,-1,149,124,123,-1,11,51,13,-1,13,51,1,-1,13,1,0,-1,150,128,127,-1,47,46,7,-1,7,46,151,-1,152,60,59,-1,22,153,154,-1,155,156,22,-1,154,157,22,-1,22,157,149,-1,22,149,158,-1,158,149,123,-1,159,160,22,-1,161,54,53,-1,158,162,22,-1,22,162,163,-1,22,163,164,-1,0,6,13,-1,13,6,7,-1,13,7,22,-1,22,7,151,-1,22,165,166,-1,116,115,156,-1,156,115,167,-1,156,167,22,-1,22,167,168,-1,22,168,159,-1,169,170,22,-1,120,119,164,-1,164,119,171,-1,164,171,22,-1,22,171,172,-1,22,172,155,-1,112,111,160,-1,160,111,173,-1,160,173,22,-1,22,173,174,-1,22,174,169,-1,175,176,22,-1,151,177,22,-1,22,177,178,-1,22,178,179,-1,180,181,22,-1,53,182,161,-1,161,182,22,-1,161,22,183,-1,183,22,166,-1,108,107,170,-1,170,107,184,-1,170,184,22,-1,22,184,185,-1,22,185,175,-1,43,42,179,-1,179,42,186,-1,179,186,22,-1,22,186,187,-1,127,153,150,-1,150,153,22,-1,150,22,188,-1,189,190,22,-1,132,131,181,-1,181,131,191,-1,181,191,22,-1,22,191,192,-1,22,192,188,-1,104,103,176,-1,176,103,193,-1,176,193,22,-1,22,193,194,-1,22,194,189,-1,187,195,22,-1,22,195,152,-1,22,152,165,-1,165,152,59,-1,182,196,22,-1,22,196,197,-1,22,197,198,-1,199,200,22,-1,100,99,190,-1,190,99,201,-1,190,201,22,-1,22,201,202,-1,22,202,199,-1,136,135,198,-1,198,135,203,-1,198,203,22,-1,22,203,204,-1,22,204,180,-1,205,206,22,-1,96,95,200,-1,200,95,207,-1,200,207,22,-1,22,207,208,-1,22,208,205,-1,209,210,22,-1,92,91,206,-1,206,91,211,-1,206,211,22,-1,22,211,212,-1,22,212,209,-1,213,214,22,-1,88,87,210,-1,210,87,215,-1,210,215,22,-1,22,215,216,-1,22,216,213,-1,217,218,22,-1,84,83,214,-1,214,83,219,-1,214,219,22,-1,22,219,220,-1,22,220,217,-1,221,222,22,-1,80,79,218,-1,218,79,223,-1,218,223,22,-1,22,223,224,-1,22,224,221,-1,225,226,22,-1,76,75,222,-1,222,75,227,-1,222,227,22,-1,22,227,228,-1,22,228,225,-1,229,230,22,-1,231,232,22,-1,72,71,226,-1,226,71,233,-1,226,233,22,-1,22,233,234,-1,22,234,229,-1,68,67,230,-1,230,67,235,-1,230,235,22,-1,22,235,236,-1,22,236,231,-1,56,23,237,-1,237,23,22,-1,237,22,238,-1,64,63,232,-1,232,63,239,-1,232,239,22,-1,22,239,240,-1,22,240,238,-1,22,20,13,-1,13,20,15,-1,
        ]
    }
}
Shape{
    appearance Appearance {
        material  Material {
            diffuseColor 0.14901960784313725 0.14901960784313725 0.14901960784313725
            specularColor 0.12941176470588237 0.12941176470588237 0.12941176470588237
            ambientIntensity 0.149
            transparency 0.0
            shininess 0.5
        }
    }
    geometry IndexedFaceSet {
        ccw TRUE
        solid FALSE
        coord DEF co Coordinate {
            point [
                -2.6378 0.7756 0.2362, -2.6378 0.5315 0.2362, -2.6378 0.7756 0.3622, -2.6378 0.5315 0.4724, -2.6378 0.8071 0.3937, -2.6378 0.8071 0.4724, 2.6378 0.8071 0.3937, 2.6378 0.8071 0.4724, 2.6378 0.7756 0.3622, 2.6378 0.5315 0.4724, 2.6378 0.7756 0.2362, 2.6378 0.5315 0.2362, -1.8307 0.1772 0.4724, -1.8307 0.0197 0.4724, -1.7126 0.0197 0.4724, -1.7126 0.1772 0.4724, -1.6338 0.1772 0.4724, -2.2244 0.0197 0.4724, -2.1063 0.0197 0.4724, -2.2244 0.1772 0.4724, -2.1063 0.1772 0.4724, -2.6378 0.0197 0.4724, -2.3031 0.0197 0.4724, -2.3031 0.1772 0.4724, -2.0275 0.1772 0.4724, -1.437 0.1772 0.4724, -1.5157 0.1772 0.4724, -1.5157 0.0197 0.4724, -1.6338 0.0197 0.4724, -1.9094 0.1772 0.4724, -1.9094 0.0197 0.4724, -2.0275 0.0197 0.4724, -1.2401 0.1772 0.4724, -1.2401 0.0197 0.4724, -1.122 0.0197 0.4724, -1.122 0.1772 0.4724, -1.0433 0.1772 0.4724, -1.3189 0.1772 0.4724, -1.3189 0.0197 0.4724, -1.437 0.0197 0.4724, -0.8464 0.1772 0.4724, -0.8464 0.0197 0.4724, -0.7283 0.0197 0.4724, -0.7283 0.1772 0.4724, -0.6496 0.1772 0.4724, -0.9252 0.1772 0.4724, -0.9252 0.0197 0.4724, -1.0433 0.0197 0.4724, -0.4527 0.1772 0.4724, -0.4527 0.0197 0.4724, -0.3346 0.0197 0.4724, -0.3346 0.1772 0.4724, -0.2559 0.1772 0.4724, -0.5315 0.1772 0.4724, -0.5315 0.0197 0.4724, -0.6496 0.0197 0.4724, -0.059 0.1772 0.4724, -0.059 0.0197 0.4724, 0.0591 0.0197 0.4724, 0.0591 0.1772 0.4724, 0.1378 0.1772 0.4724, -0.1378 0.1772 0.4724, -0.1378 0.0197 0.4724, -0.2559 0.0197 0.4724, 0.3347 0.1772 0.4724, 0.3347 0.0197 0.4724, 0.4528 0.0197 0.4724, 0.4528 0.1772 0.4724, 0.5315 0.1772 0.4724, 0.2559 0.1772 0.4724, 0.2559 0.0197 0.4724, 0.1378 0.0197 0.4724, 0.7284 0.1772 0.4724, 0.7284 0.0197 0.4724, 0.8465 0.0197 0.4724, 0.8465 0.1772 0.4724, 0.9252 0.1772 0.4724, 0.6496 0.1772 0.4724, 0.6496 0.0197 0.4724, 0.5315 0.0197 0.4724, 1.1221 0.1772 0.4724, 1.1221 0.0197 0.4724, 1.2402 0.0197 0.4724, 1.2402 0.1772 0.4724, 1.3189 0.1772 0.4724, 1.0433 0.1772 0.4724, 1.0433 0.0197 0.4724, 0.9252 0.0197 0.4724, 1.5158 0.1772 0.4724, 1.5158 0.0197 0.4724, 1.6339 0.0197 0.4724, 1.6339 0.1772 0.4724, 1.7126 0.1772 0.4724, 1.437 0.1772 0.4724, 1.437 0.0197 0.4724, 1.3189 0.0197 0.4724, 1.9095 0.1772 0.4724, 1.9095 0.0197 0.4724, 2.0276 0.0197 0.4724, 2.0276 0.1772 0.4724, 1.8307 0.1772 0.4724, 1.8307 0.0197 0.4724, 1.7126 0.0197 0.4724, 2.1063 0.0197 0.4724, 2.2244 0.0197 0.4724, 2.1063 0.1772 0.4724, 2.2244 0.1772 0.4724, 2.3032 0.0197 0.4724, 2.6378 0.0197 0.4724, 2.3032 0.1772 0.4724, -1.9094 0.0197 0.4134, 2.6378 0.0197 0.2362, -0.3346 0.0197 0.4134, -2.0275 0.0197 0.4134, -2.1063 0.0197 0.4134, -2.6378 0.0197 0.2362, -0.4527 0.0197 0.4134, -0.5315 0.0197 0.4134, 2.2244 0.0197 0.4134, 2.1063 0.0197 0.4134, -2.3031 0.0197 0.4134, -2.2244 0.0197 0.4134, -0.7283 0.0197 0.4134, 1.8307 0.0197 0.4134, -0.8464 0.0197 0.4134, -0.9252 0.0197 0.4134, -0.6496 0.0197 0.4134, -1.122 0.0197 0.4134, 2.3032 0.0197 0.4134, 2.0276 0.0197 0.4134, -1.2401 0.0197 0.4134, -1.3189 0.0197 0.4134, -1.0433 0.0197 0.4134, 1.7126 0.0197 0.4134, 1.6339 0.0197 0.4134, 1.2402 0.0197 0.4134, 1.9095 0.0197 0.4134, -1.5157 0.0197 0.4134, -1.6338 0.0197 0.4134, -1.7126 0.0197 0.4134, 1.1221 0.0197 0.4134, 1.0433 0.0197 0.4134, -1.437 0.0197 0.4134, 0.8465 0.0197 0.4134, -1.8307 0.0197 0.4134, 1.5158 0.0197 0.4134, 1.437 0.0197 0.4134, 1.3189 0.0197 0.4134, 0.7284 0.0197 0.4134, 0.6496 0.0197 0.4134, 0.4528 0.0197 0.4134, 0.9252 0.0197 0.4134, 0.3347 0.0197 0.4134, 0.2559 0.0197 0.4134, 0.0591 0.0197 0.4134, 0.5315 0.0197 0.4134, -0.059 0.0197 0.4134, -0.1378 0.0197 0.4134, -0.2559 0.0197 0.4134, 0.1378 0.0197 0.4134
            ]
        }
        coordIndex [
            0,1,2,-1,2,1,3,-1,2,3,4,-1,4,3,5,-1,6,7,8,-1,8,7,9,-1,8,9,10,-1,10,9,11,-1,12,13,14,-1,15,16,7,-1,17,18,19,-1,19,18,20,-1,21,22,3,-1,3,22,23,-1,3,23,5,-1,5,23,19,-1,5,19,7,-1,7,19,20,-1,7,20,24,-1,25,7,26,-1,26,7,16,-1,26,16,27,-1,27,16,28,-1,14,15,12,-1,12,15,7,-1,12,7,29,-1,29,7,24,-1,29,24,30,-1,30,24,31,-1,32,33,34,-1,35,36,7,-1,34,35,32,-1,32,35,7,-1,32,7,37,-1,37,7,25,-1,37,25,38,-1,38,25,39,-1,40,41,42,-1,43,44,7,-1,42,43,40,-1,40,43,7,-1,40,7,45,-1,45,7,36,-1,45,36,46,-1,46,36,47,-1,48,49,50,-1,51,52,7,-1,50,51,48,-1,48,51,7,-1,48,7,53,-1,53,7,44,-1,53,44,54,-1,54,44,55,-1,56,57,58,-1,59,60,7,-1,58,59,56,-1,56,59,7,-1,56,7,61,-1,61,7,52,-1,61,52,62,-1,62,52,63,-1,64,65,66,-1,67,68,7,-1,66,67,64,-1,64,67,7,-1,64,7,69,-1,69,7,60,-1,69,60,70,-1,70,60,71,-1,72,73,74,-1,75,76,7,-1,74,75,72,-1,72,75,7,-1,72,7,77,-1,77,7,68,-1,77,68,78,-1,78,68,79,-1,80,81,82,-1,83,84,7,-1,82,83,80,-1,80,83,7,-1,80,7,85,-1,85,7,76,-1,85,76,86,-1,86,76,87,-1,88,89,90,-1,91,92,7,-1,90,91,88,-1,88,91,7,-1,88,7,93,-1,93,7,84,-1,93,84,94,-1,94,84,95,-1,96,97,98,-1,98,99,96,-1,96,99,7,-1,96,7,100,-1,100,7,92,-1,100,92,101,-1,101,92,102,-1,103,104,105,-1,105,104,106,-1,107,108,109,-1,109,108,9,-1,109,9,106,-1,106,9,7,-1,106,7,105,-1,105,7,99,-1,110,30,31,-1,111,108,107,-1,112,50,49,-1,113,114,115,-1,116,117,115,-1,104,103,118,-1,118,103,119,-1,22,21,120,-1,120,21,115,-1,120,115,121,-1,121,115,114,-1,121,114,17,-1,17,114,18,-1,122,42,41,-1,123,101,102,-1,124,125,115,-1,41,124,122,-1,122,124,115,-1,122,115,126,-1,126,115,117,-1,126,117,55,-1,55,117,54,-1,127,34,33,-1,107,128,111,-1,111,128,118,-1,111,118,115,-1,115,118,119,-1,115,119,129,-1,130,131,115,-1,33,130,127,-1,127,130,115,-1,127,115,132,-1,132,115,125,-1,132,125,47,-1,47,125,46,-1,133,134,115,-1,135,82,81,-1,102,133,123,-1,123,133,115,-1,123,115,136,-1,136,115,129,-1,136,129,97,-1,97,129,98,-1,137,27,28,-1,138,139,115,-1,140,141,115,-1,28,138,137,-1,137,138,115,-1,137,115,142,-1,142,115,131,-1,142,131,39,-1,39,131,38,-1,143,74,73,-1,31,113,110,-1,110,113,115,-1,110,115,144,-1,144,115,139,-1,144,139,13,-1,13,139,14,-1,90,89,134,-1,134,89,145,-1,134,145,115,-1,115,145,146,-1,94,95,146,-1,146,95,147,-1,146,147,115,-1,115,147,135,-1,115,135,140,-1,140,135,81,-1,148,149,115,-1,150,66,65,-1,73,148,143,-1,143,148,115,-1,143,115,151,-1,151,115,141,-1,151,141,87,-1,87,141,86,-1,152,153,115,-1,154,58,57,-1,78,79,149,-1,149,79,155,-1,149,155,115,-1,115,155,150,-1,115,150,152,-1,152,150,65,-1,156,157,115,-1,49,116,112,-1,112,116,115,-1,112,115,158,-1,158,115,157,-1,158,157,63,-1,63,157,62,-1,70,71,153,-1,153,71,159,-1,153,159,115,-1,115,159,154,-1,115,154,156,-1,156,154,57,-1,0,10,1,-1,1,10,11,-1,1,11,115,-1,115,11,111,-1,0,2,10,-1,10,2,8,-1,2,4,8,-1,8,4,6,-1,4,5,6,-1,6,5,7,-1,
        ]
    }
}
Shape{
    appearance Appearance {
        material  Material {
            diffuseColor 0.9411764705882353 0.9411764705882353 0.9411764705882353
            specularColor 0.8274509803921568 0.8274509803921568 0.8274509803921568
            ambientIntensity 0.9412
            transparency 0.0
            shininess 0.5
        }
    }
    geometry IndexedFaceSet {
        ccw TRUE
        solid FALSE
        coord DEF co Coordinate {
            point [
                -2.6574 -0.2953 0.2756, -2.6574 -0.689 0.2756, -2.5984 -0.2953 0.2756, -2.5984 -0.689 0.2756, -2.6574 -0.3268 0.1575, -2.6574 -0.2953 0.1575, -2.5984 -0.3268 0.1575, -2.5984 -0.2953 0.1575, -2.6574 -0.3288 0.1572, -2.5984 -0.3288 0.1572, -2.6574 -0.3307 0.1564, -2.5984 -0.3307 0.1564, -2.6574 -0.3323 0.1552, -2.5984 -0.3323 0.1552, -2.6574 -0.3336 0.1535, -2.5984 -0.3336 0.1535, -2.6574 -0.3344 0.1516, -2.5984 -0.3344 0.1516, -2.6574 -0.3346 0.1496, -2.5984 -0.3346 0.1496, -2.6574 -0.3346 0.0079, -2.5984 -0.3346 0.0079, -2.5984 -0.3349 0.0058, -2.6574 -0.3349 0.0058, -2.5984 -0.3357 0.0039, -2.6574 -0.3357 0.0039, -2.5984 -0.3369 0.0023, -2.6574 -0.3369 0.0023, -2.5984 -0.3386 0.0011, -2.6574 -0.3386 0.0011, -2.5984 -0.3405 0.0003, -2.6574 -0.3405 0.0003, -2.5984 -0.3425 0.0, -2.6574 -0.3425 0.0, -2.6574 -0.5236 0.0, -2.5984 -0.5236 0.0, -2.5984 -0.5257 0.0003, -2.6574 -0.5257 0.0003, -2.5984 -0.5276 0.0011, -2.6574 -0.5276 0.0011, -2.5984 -0.5292 0.0023, -2.6574 -0.5292 0.0023, -2.5984 -0.5304 0.0039, -2.6574 -0.5304 0.0039, -2.5984 -0.5312 0.0058, -2.6574 -0.5312 0.0058, -2.5984 -0.5315 0.0079, -2.6574 -0.5315 0.0079, -2.6574 -0.5315 0.0591, -2.5984 -0.5315 0.0591, -2.6574 -0.622 0.0591, -2.5984 -0.622 0.0591, -2.5984 -0.6241 0.0593, -2.6574 -0.6241 0.0593, -2.5984 -0.626 0.0601, -2.6574 -0.626 0.0601, -2.5984 -0.6276 0.0614, -2.6574 -0.6276 0.0614, -2.5984 -0.6289 0.063, -2.6574 -0.6289 0.063, -2.5984 -0.6296 0.0649, -2.6574 -0.6296 0.0649, -2.5984 -0.6299 0.0669, -2.6574 -0.6299 0.0669, -2.6574 -0.6299 0.1693, -2.5984 -0.6299 0.1693, -2.6574 -0.6302 0.1713, -2.5984 -0.6302 0.1713, -2.6574 -0.631 0.1732, -2.5984 -0.631 0.1732, -2.6574 -0.6322 0.1749, -2.5984 -0.6322 0.1749, -2.6574 -0.6339 0.1761, -2.5984 -0.6339 0.1761, -2.6574 -0.6358 0.1769, -2.5984 -0.6358 0.1769, -2.6574 -0.6378 0.1772, -2.5984 -0.6378 0.1772, -2.6574 -0.689 0.1772, -2.5984 -0.689 0.1772
            ]
        }
        coordIndex [
            0,1,2,-1,2,1,3,-1,4,5,6,-1,6,5,7,-1,4,6,8,-1,8,6,9,-1,8,9,10,-1,10,9,11,-1,10,11,12,-1,12,11,13,-1,12,13,14,-1,14,13,15,-1,14,15,16,-1,16,15,17,-1,16,17,18,-1,18,17,19,-1,20,18,21,-1,21,18,19,-1,20,21,22,-1,20,22,23,-1,23,22,24,-1,23,24,25,-1,25,24,26,-1,25,26,27,-1,27,26,28,-1,27,28,29,-1,29,28,30,-1,29,30,31,-1,31,30,32,-1,31,32,33,-1,34,33,35,-1,35,33,32,-1,34,35,36,-1,34,36,37,-1,37,36,38,-1,37,38,39,-1,39,38,40,-1,39,40,41,-1,41,40,42,-1,41,42,43,-1,43,42,44,-1,43,44,45,-1,45,44,46,-1,45,46,47,-1,48,47,49,-1,49,47,46,-1,50,48,51,-1,51,48,49,-1,50,51,52,-1,50,52,53,-1,53,52,54,-1,53,54,55,-1,55,54,56,-1,55,56,57,-1,57,56,58,-1,57,58,59,-1,59,58,60,-1,59,60,61,-1,61,60,62,-1,61,62,63,-1,64,63,65,-1,65,63,62,-1,64,65,66,-1,66,65,67,-1,66,67,68,-1,68,67,69,-1,68,69,70,-1,70,69,71,-1,70,71,72,-1,72,71,73,-1,72,73,74,-1,74,73,75,-1,74,75,76,-1,76,75,77,-1,78,76,79,-1,79,76,77,-1,1,78,3,-1,3,78,79,-1,76,78,1,-1,47,48,34,-1,0,66,68,-1,8,0,4,-1,4,0,5,-1,66,0,64,-1,64,0,48,-1,64,48,50,-1,8,10,0,-1,0,10,12,-1,0,12,48,-1,48,12,14,-1,68,70,0,-1,0,70,72,-1,0,72,1,-1,1,72,74,-1,1,74,76,-1,34,48,33,-1,14,16,48,-1,48,16,18,-1,48,18,33,-1,33,18,20,-1,33,20,23,-1,41,43,45,-1,53,61,50,-1,50,61,63,-1,50,63,64,-1,53,55,61,-1,61,55,57,-1,61,57,59,-1,23,25,33,-1,33,25,27,-1,33,27,31,-1,31,27,29,-1,41,45,39,-1,47,34,45,-1,45,34,37,-1,45,37,39,-1,69,67,2,-1,13,11,2,-1,69,2,71,-1,11,9,2,-1,2,9,6,-1,2,6,7,-1,67,65,2,-1,2,65,51,-1,2,51,49,-1,79,77,3,-1,3,77,75,-1,3,75,2,-1,2,75,73,-1,2,73,71,-1,35,32,21,-1,13,2,15,-1,15,2,49,-1,15,49,17,-1,54,60,56,-1,56,60,58,-1,65,62,51,-1,51,62,60,-1,51,60,52,-1,52,60,54,-1,44,35,46,-1,46,35,21,-1,46,21,49,-1,49,21,19,-1,49,19,17,-1,28,26,30,-1,30,26,24,-1,30,24,32,-1,32,24,22,-1,32,22,21,-1,44,42,40,-1,40,38,44,-1,44,38,36,-1,44,36,35,-1,
        ]
    }
}
Shape{
    appearance Appearance {
        material  Material {
            diffuseColor 1.0 0.8901960784313725 0.3411764705882353
            specularColor 0.8784313725490196 0.7843137254901961 0.30196078431372547
            ambientIntensity 0.8604
            transparency 0.0
            shininess 0.5
        }
    }
    geometry IndexedFaceSet {
        ccw TRUE
        solid FALSE
        coord DEF co Coordinate {
            point [
                -2.2933 0.5315 0.0128, -2.2342 0.5315 0.0128, -2.2933 0.5333 0.013, -2.2342 0.5333 0.013, -2.2933 0.5349 0.0137, -2.2342 0.5349 0.0137, -2.2933 0.5364 0.0148, -2.2342 0.5364 0.0148, -2.2933 0.5375 0.0162, -2.2342 0.5375 0.0162, -2.2933 0.5382 0.0179, -2.2342 0.5382 0.0179, -2.2933 0.5384 0.0197, -2.2342 0.5384 0.0197, -2.2933 0.5382 0.0215, -2.2342 0.5382 0.0215, -2.2933 0.5375 0.0231, -2.2342 0.5375 0.0231, -2.2933 0.5364 0.0246, -2.2342 0.5364 0.0246, -2.2933 0.5349 0.0257, -2.2342 0.5349 0.0257, -2.2933 0.5333 0.0263, -2.2342 0.5333 0.0263, -2.2933 0.5315 0.0266, -2.2342 0.5315 0.0266, -2.2933 0.6142 0.1457, -2.2933 0.5315 0.1457, -2.2342 0.6142 0.1457, -2.2342 0.5315 0.1457, -2.2342 0.6183 0.1451, -2.2933 0.6183 0.1451, -2.2342 0.6221 0.1436, -2.2933 0.6221 0.1436, -2.2342 0.6253 0.1411, -2.2933 0.6253 0.1411, -2.2342 0.6278 0.1378, -2.2933 0.6278 0.1378, -2.2342 0.6294 0.134, -2.2933 0.6294 0.134, -2.2342 0.6299 0.1299, -2.2933 0.6299 0.1299, -2.2933 0.6299 0.0669, -2.2342 0.6299 0.0669, -2.2342 0.6297 0.0649, -2.2933 0.6297 0.0649, -2.2342 0.6289 0.063, -2.2933 0.6289 0.063, -2.2342 0.6276 0.0614, -2.2933 0.6276 0.0614, -2.2342 0.626 0.0601, -2.2933 0.626 0.0601, -2.2342 0.6241 0.0593, -2.2933 0.6241 0.0593, -2.2342 0.6221 0.0591, -2.2933 0.6221 0.0591, -2.2933 0.6102 0.0591, -2.2342 0.6102 0.0591, -2.2933 0.6102 0.0118, -2.2342 0.6102 0.0118, -2.2933 0.5984 0.0, -2.2342 0.5984 0.0, -2.2933 0.5118 0.0, -2.2342 0.5118 0.0, -2.2933 0.5118 0.0079, -2.2342 0.5118 0.0079, -2.2933 0.5315 0.0079, -2.2342 0.5315 0.0079
            ]
        }
        coordIndex [
            0,1,2,-1,2,1,3,-1,2,3,4,-1,4,3,5,-1,4,5,6,-1,6,5,7,-1,6,7,8,-1,8,7,9,-1,8,9,10,-1,10,9,11,-1,10,11,12,-1,12,11,13,-1,12,13,14,-1,14,13,15,-1,14,15,16,-1,16,15,17,-1,16,17,18,-1,18,17,19,-1,18,19,20,-1,20,19,21,-1,20,21,22,-1,22,21,23,-1,22,23,24,-1,24,23,25,-1,26,27,28,-1,28,27,29,-1,26,28,30,-1,26,30,31,-1,31,30,32,-1,31,32,33,-1,33,32,34,-1,33,34,35,-1,35,34,36,-1,35,36,37,-1,37,36,38,-1,37,38,39,-1,39,38,40,-1,39,40,41,-1,42,41,43,-1,43,41,40,-1,42,43,44,-1,42,44,45,-1,45,44,46,-1,45,46,47,-1,47,46,48,-1,47,48,49,-1,49,48,50,-1,49,50,51,-1,51,50,52,-1,51,52,53,-1,53,52,54,-1,53,54,55,-1,56,55,57,-1,57,55,54,-1,58,56,59,-1,59,56,57,-1,60,58,61,-1,61,58,59,-1,62,60,63,-1,63,60,61,-1,64,62,65,-1,65,62,63,-1,22,24,27,-1,55,56,42,-1,56,27,26,-1,60,62,66,-1,66,62,64,-1,33,35,37,-1,42,56,41,-1,41,56,26,-1,41,26,39,-1,49,42,47,-1,47,42,45,-1,60,4,6,-1,49,51,42,-1,42,51,53,-1,42,53,55,-1,4,60,2,-1,2,60,66,-1,2,66,0,-1,39,26,37,-1,37,26,31,-1,37,31,33,-1,6,8,60,-1,60,8,10,-1,60,10,58,-1,58,10,12,-1,58,12,56,-1,56,12,14,-1,14,16,56,-1,56,16,18,-1,56,18,27,-1,27,18,20,-1,27,20,22,-1,28,29,57,-1,46,44,43,-1,65,63,67,-1,67,63,61,-1,43,54,52,-1,40,28,43,-1,43,28,57,-1,43,57,54,-1,9,7,61,-1,61,7,5,-1,61,5,67,-1,67,5,3,-1,67,3,1,-1,52,50,43,-1,43,50,48,-1,43,48,46,-1,36,34,32,-1,25,23,29,-1,29,23,21,-1,29,21,57,-1,57,21,19,-1,19,17,57,-1,57,17,15,-1,57,15,59,-1,59,15,13,-1,59,13,61,-1,61,13,11,-1,61,11,9,-1,40,38,28,-1,28,38,36,-1,28,36,30,-1,30,36,32,-1,
        ]
    }
}
Shape{
    appearance Appearance {
        material  Material {
            diffuseColor 0.48627450980392156 0.48627450980392156 0.48627450980392156
            specularColor 0.42745098039215684 0.42745098039215684 0.42745098039215684
            ambientIntensity 0.4863
            transparency 0.0
            shininess 0.5
        }
    }
    geometry IndexedFaceSet {
        ccw TRUE
        solid FALSE
        coord DEF co Coordinate {
            point [
                -2.2244 -0.0591 0.4213, -2.2244 -0.2165 0.4213, -2.2244 -0.0591 0.4803, -2.2244 -0.2165 0.4803, -2.3031 -0.2165 0.4213, -2.3031 -0.2165 0.4803, -2.3031 -0.0591 0.4213, -2.3031 -0.0591 0.4803
            ]
        }
        coordIndex [
            0,1,2,-1,2,1,3,-1,1,4,3,-1,3,4,5,-1,4,6,5,-1,5,6,7,-1,
        ]
    }
}
Shape{
    appearance Appearance {
        material  Material {
            diffuseColor 0.14901960784313725 0.14901960784313725 0.14901960784313725
            specularColor 0.12941176470588237 0.12941176470588237 0.12941176470588237
            ambientIntensity 0.149
            transparency 0.0
            shininess 0.5
        }
    }
    geometry IndexedFaceSet {
        ccw TRUE
        solid FALSE
        coord DEF co Coordinate {
            point [
                -2.2244 0.1772 0.4134, -2.2244 0.0197 0.4134, -2.2244 0.1772 0.4724, -2.2244 0.0197 0.4724, -2.3031 0.0197 0.4134, -2.3031 0.1772 0.4134, -2.3031 0.0197 0.4724, -2.3031 0.1772 0.4724
            ]
        }
        coordIndex [
            0,1,2,-1,2,1,3,-1,4,5,6,-1,6,5,7,-1,5,0,7,-1,7,0,2,-1,5,4,0,-1,0,4,1,-1,
        ]
    }
}
Shape{
    appearance Appearance {
        material  Material {
            diffuseColor 1.0 0.8901960784313725 0.3411764705882353
            specularColor 0.8784313725490196 0.7843137254901961 0.30196078431372547
            ambientIntensity 0.8604
            transparency 0.0
            shininess 0.5
        }
    }
    geometry IndexedFaceSet {
        ccw TRUE
        solid FALSE
        coord DEF co Coordinate {
            point [
                -2.2933 -0.0591 0.4213, -2.2933 0.1732 0.4213, -2.2342 -0.0591 0.4213, -2.2342 0.1732 0.4213, -2.2342 -0.2126 0.4409, -2.2342 -0.2126 0.4213, -2.2342 -0.2113 0.4511, -2.2342 0.1339 0.4803, -2.2342 -0.1732 0.4803, -2.2342 -0.1834 0.479, -2.2342 -0.1929 0.475, -2.2342 -0.2011 0.4688, -2.2342 -0.2073 0.4606, -2.2342 0.1732 0.4409, -2.2342 0.1719 0.4511, -2.2342 0.168 0.4606, -2.2342 0.1617 0.4688, -2.2342 0.1441 0.479, -2.2342 0.1535 0.475, -2.2933 0.1732 0.4409, -2.2933 0.1339 0.4803, -2.2933 -0.1732 0.4803, -2.2933 -0.1834 0.479, -2.2933 0.168 0.4606, -2.2933 0.1719 0.4511, -2.2933 -0.2126 0.4213, -2.2933 -0.2126 0.4409, -2.2933 -0.2113 0.4511, -2.2933 -0.2073 0.4606, -2.2933 0.1617 0.4688, -2.2933 0.1441 0.479, -2.2933 0.1535 0.475, -2.2933 -0.2011 0.4688, -2.2933 -0.1929 0.475
            ]
        }
        coordIndex [
            0,1,2,-1,2,1,3,-1,4,5,2,-1,4,2,6,-1,7,8,2,-1,2,8,9,-1,2,9,10,-1,10,11,2,-1,2,11,12,-1,2,12,6,-1,2,3,7,-1,7,3,13,-1,7,13,14,-1,14,15,7,-1,7,15,16,-1,7,16,17,-1,17,16,18,-1,13,3,19,-1,19,3,1,-1,20,1,21,-1,21,1,0,-1,21,0,22,-1,23,24,20,-1,20,24,19,-1,20,19,1,-1,25,26,0,-1,0,26,27,-1,0,27,28,-1,23,20,29,-1,29,20,30,-1,29,30,31,-1,28,32,0,-1,0,32,33,-1,0,33,22,-1,26,25,4,-1,4,25,5,-1,20,21,7,-1,7,21,8,-1,20,7,17,-1,20,17,30,-1,30,17,18,-1,30,18,31,-1,31,18,16,-1,31,16,29,-1,29,16,15,-1,29,15,23,-1,23,15,14,-1,23,14,24,-1,24,14,13,-1,24,13,19,-1,8,21,22,-1,8,22,9,-1,9,22,33,-1,9,33,10,-1,10,33,32,-1,10,32,11,-1,11,32,28,-1,11,28,12,-1,12,28,27,-1,12,27,6,-1,6,27,26,-1,6,26,4,-1,
        ]
    }
}
Shape{
    appearance Appearance {
        material  Material {
            diffuseColor 0.48627450980392156 0.48627450980392156 0.48627450980392156
            specularColor 0.42745098039215684 0.42745098039215684 0.42745098039215684
            ambientIntensity 0.4863
            transparency 0.0
            shininess 0.5
        }
    }
    geometry IndexedFaceSet {
        ccw TRUE
        solid FALSE
        coord DEF co Coordinate {
            point [
                2.4666 -0.6693 0.3425, 2.4666 -0.0984 0.3425, 2.4666 -0.6693 0.1457, 2.4666 -0.0984 0.1457, 2.2933 -0.0984 0.1457, 2.2343 -0.0984 0.1457, 2.0965 -0.0984 0.1457, 2.2343 -0.6102 0.1457, 2.0965 -0.6102 0.1457, 0.8563 -0.6102 0.1457, 0.8563 -0.0984 0.1457, 0.7185 -0.0984 0.1457, 2.2933 -0.6102 0.1457, -2.4665 -0.6693 0.1457, 2.0374 -0.6102 0.1457, 2.0374 -0.0984 0.1457, 1.8996 -0.0984 0.1457, 1.8996 -0.6102 0.1457, 1.8406 -0.6102 0.1457, 1.8406 -0.0984 0.1457, 1.7028 -0.0984 0.1457, 1.7028 -0.6102 0.1457, 1.6437 -0.6102 0.1457, 0.2658 -0.6102 0.1457, 0.2658 -0.0984 0.1457, 0.128 -0.0984 0.1457, 1.6437 -0.0984 0.1457, 1.5059 -0.0984 0.1457, 1.5059 -0.6102 0.1457, 1.4469 -0.6102 0.1457, 1.4469 -0.0984 0.1457, 1.3091 -0.0984 0.1457, 1.3091 -0.6102 0.1457, 1.25 -0.6102 0.1457, 0.7185 -0.6102 0.1457, 0.6595 -0.6102 0.1457, 1.25 -0.0984 0.1457, 1.1122 -0.0984 0.1457, 1.1122 -0.6102 0.1457, 1.0532 -0.6102 0.1457, 0.6595 -0.0984 0.1457, 0.5217 -0.0984 0.1457, 0.5217 -0.6102 0.1457, 0.4626 -0.6102 0.1457, -0.3248 -0.6102 0.1457, -0.3248 -0.0984 0.1457, -0.4626 -0.0984 0.1457, 0.9154 -0.6102 0.1457, 0.9154 -0.0984 0.1457, 1.0532 -0.0984 0.1457, 0.128 -0.6102 0.1457, 0.0689 -0.6102 0.1457, 0.3248 -0.6102 0.1457, 0.3248 -0.0984 0.1457, 0.4626 -0.0984 0.1457, -0.4626 -0.6102 0.1457, -0.5216 -0.6102 0.1457, -0.7185 -0.6102 0.1457, -0.7185 -0.0984 0.1457, -0.8563 -0.0984 0.1457, 0.0689 -0.0984 0.1457, -0.0689 -0.0984 0.1457, -0.0689 -0.6102 0.1457, -0.1279 -0.6102 0.1457, -0.1279 -0.0984 0.1457, -0.2657 -0.0984 0.1457, -0.2657 -0.6102 0.1457, -0.8563 -0.6102 0.1457, -0.9153 -0.6102 0.1457, -0.5216 -0.0984 0.1457, -0.6594 -0.0984 0.1457, -0.6594 -0.6102 0.1457, -1.1122 -0.6102 0.1457, -1.1122 -0.0984 0.1457, -1.25 -0.0984 0.1457, -1.25 -0.6102 0.1457, -1.309 -0.6102 0.1457, -1.0531 -0.6102 0.1457, -1.0531 -0.0984 0.1457, -0.9153 -0.0984 0.1457, -1.5059 -0.6102 0.1457, -1.5059 -0.0984 0.1457, -1.6437 -0.0984 0.1457, -1.6437 -0.6102 0.1457, -1.7027 -0.6102 0.1457, -1.4468 -0.6102 0.1457, -1.4468 -0.0984 0.1457, -1.309 -0.0984 0.1457, -1.8996 -0.6102 0.1457, -1.8996 -0.0984 0.1457, -2.0374 -0.0984 0.1457, -2.0374 -0.6102 0.1457, -2.0964 -0.6102 0.1457, -1.8405 -0.6102 0.1457, -1.8405 -0.0984 0.1457, -1.7027 -0.0984 0.1457, -2.2933 -0.0984 0.1457, -2.4665 -0.0984 0.1457, -2.2933 -0.6102 0.1457, -2.2342 -0.6102 0.1457, -2.2342 -0.0984 0.1457, -2.0964 -0.0984 0.1457, -2.4665 -0.6693 0.3425, -2.4665 -0.0984 0.3425, -2.2933 -0.0984 0.3425, -2.2342 -0.0984 0.3425, -2.0964 -0.0984 0.3425, -2.2342 -0.6102 0.3425, -2.0964 -0.6102 0.3425, -0.8563 -0.6102 0.3425, -0.8563 -0.0984 0.3425, -0.7185 -0.0984 0.3425, -2.2933 -0.6102 0.3425, -2.0374 -0.6102 0.3425, -2.0374 -0.0984 0.3425, -1.8996 -0.0984 0.3425, -1.8996 -0.6102 0.3425, -1.8405 -0.6102 0.3425, -1.8405 -0.0984 0.3425, -1.7027 -0.0984 0.3425, -1.7027 -0.6102 0.3425, -1.6437 -0.6102 0.3425, -0.2657 -0.6102 0.3425, -0.2657 -0.0984 0.3425, -0.1279 -0.0984 0.3425, -1.6437 -0.0984 0.3425, -1.5059 -0.0984 0.3425, -1.5059 -0.6102 0.3425, -1.4468 -0.6102 0.3425, -1.4468 -0.0984 0.3425, -1.309 -0.0984 0.3425, -1.309 -0.6102 0.3425, -1.25 -0.6102 0.3425, -0.7185 -0.6102 0.3425, -0.6594 -0.6102 0.3425, -1.25 -0.0984 0.3425, -1.1122 -0.0984 0.3425, -1.1122 -0.6102 0.3425, -1.0531 -0.6102 0.3425, -0.6594 -0.0984 0.3425, -0.5216 -0.0984 0.3425, -0.5216 -0.6102 0.3425, -0.4626 -0.6102 0.3425, 0.3248 -0.6102 0.3425, 0.3248 -0.0984 0.3425, 0.4626 -0.0984 0.3425, -0.9153 -0.6102 0.3425, -0.9153 -0.0984 0.3425, -1.0531 -0.0984 0.3425, -0.1279 -0.6102 0.3425, -0.0689 -0.6102 0.3425, -0.3248 -0.6102 0.3425, -0.3248 -0.0984 0.3425, -0.4626 -0.0984 0.3425, 0.4626 -0.6102 0.3425, 0.5217 -0.6102 0.3425, 0.7185 -0.6102 0.3425, 0.7185 -0.0984 0.3425, 0.8563 -0.0984 0.3425, -0.0689 -0.0984 0.3425, 0.0689 -0.0984 0.3425, 0.0689 -0.6102 0.3425, 0.128 -0.6102 0.3425, 0.128 -0.0984 0.3425, 0.2658 -0.0984 0.3425, 0.2658 -0.6102 0.3425, 0.8563 -0.6102 0.3425, 0.9154 -0.6102 0.3425, 0.5217 -0.0984 0.3425, 0.6595 -0.0984 0.3425, 0.6595 -0.6102 0.3425, 1.1122 -0.6102 0.3425, 1.1122 -0.0984 0.3425, 1.25 -0.0984 0.3425, 1.25 -0.6102 0.3425, 1.3091 -0.6102 0.3425, 1.0532 -0.6102 0.3425, 1.0532 -0.0984 0.3425, 0.9154 -0.0984 0.3425, 1.5059 -0.6102 0.3425, 1.5059 -0.0984 0.3425, 1.6437 -0.0984 0.3425, 1.6437 -0.6102 0.3425, 1.7028 -0.6102 0.3425, 1.4469 -0.6102 0.3425, 1.4469 -0.0984 0.3425, 1.3091 -0.0984 0.3425, 1.8996 -0.6102 0.3425, 1.8996 -0.0984 0.3425, 2.0374 -0.0984 0.3425, 2.0374 -0.6102 0.3425, 2.0965 -0.6102 0.3425, 1.8406 -0.6102 0.3425, 1.8406 -0.0984 0.3425, 1.7028 -0.0984 0.3425, 2.2933 -0.0984 0.3425, 2.2933 -0.6102 0.3425, 2.2343 -0.6102 0.3425, 2.2343 -0.0984 0.3425, 2.0965 -0.0984 0.3425, 2.2933 -0.0984 0.185, -2.2933 -0.0984 0.3031, -0.8563 -0.0984 0.185, -0.7185 -0.0984 0.185, -0.8563 -0.0984 0.3031, -0.9153 -0.0984 0.185, -0.9153 -0.0984 0.3031, -1.0531 -0.0984 0.3031, -0.6594 -0.0984 0.185, -0.5216 -0.0984 0.185, -1.1122 -0.0984 0.3031, -1.25 -0.0984 0.3031, -0.6594 -0.0984 0.3031, -0.7185 -0.0984 0.3031, -0.4626 -0.0984 0.185, -0.3248 -0.0984 0.185, -1.1122 -0.0984 0.185, -1.0531 -0.0984 0.185, -1.309 -0.0984 0.3031, -1.4468 -0.0984 0.3031, -0.4626 -0.0984 0.3031, -0.5216 -0.0984 0.3031, -0.2657 -0.0984 0.185, -0.1279 -0.0984 0.185, -1.309 -0.0984 0.185, -1.25 -0.0984 0.185, -1.5059 -0.0984 0.3031, -1.6437 -0.0984 0.3031, -0.2657 -0.0984 0.3031, -0.3248 -0.0984 0.3031, -0.0689 -0.0984 0.185, 0.0689 -0.0984 0.185, -1.5059 -0.0984 0.185, -1.4468 -0.0984 0.185, -1.7027 -0.0984 0.3031, -1.8405 -0.0984 0.3031, -0.0689 -0.0984 0.3031, -0.1279 -0.0984 0.3031, 0.128 -0.0984 0.185, 0.2658 -0.0984 0.185, -1.7027 -0.0984 0.185, -1.6437 -0.0984 0.185, -1.8996 -0.0984 0.3031, -2.0374 -0.0984 0.3031, 0.128 -0.0984 0.3031, 0.0689 -0.0984 0.3031, 0.3248 -0.0984 0.185, 0.4626 -0.0984 0.185, -1.8996 -0.0984 0.185, -1.8405 -0.0984 0.185, -2.0964 -0.0984 0.3031, -2.2342 -0.0984 0.3031, 0.3248 -0.0984 0.3031, 0.2658 -0.0984 0.3031, 0.5217 -0.0984 0.185, 0.6595 -0.0984 0.185, -2.0964 -0.0984 0.185, -2.0374 -0.0984 0.185, -2.2933 -0.0984 0.185, 0.5217 -0.0984 0.3031, 0.4626 -0.0984 0.3031, 0.7185 -0.0984 0.185, 0.8563 -0.0984 0.185, -2.2342 -0.0984 0.185, 0.7185 -0.0984 0.3031, 0.6595 -0.0984 0.3031, 0.9154 -0.0984 0.185, 1.0532 -0.0984 0.185, 0.9154 -0.0984 0.3031, 0.8563 -0.0984 0.3031, 1.1122 -0.0984 0.185, 1.25 -0.0984 0.185, 1.1122 -0.0984 0.3031, 1.0532 -0.0984 0.3031, 1.3091 -0.0984 0.185, 1.4469 -0.0984 0.185, 1.3091 -0.0984 0.3031, 1.25 -0.0984 0.3031, 1.5059 -0.0984 0.185, 1.6437 -0.0984 0.185, 1.5059 -0.0984 0.3031, 1.4469 -0.0984 0.3031, 1.7028 -0.0984 0.185, 1.8406 -0.0984 0.185, 1.7028 -0.0984 0.3031, 1.6437 -0.0984 0.3031, 1.8996 -0.0984 0.185, 2.0374 -0.0984 0.185, 1.8996 -0.0984 0.3031, 1.8406 -0.0984 0.3031, 2.0965 -0.0984 0.185, 2.2343 -0.0984 0.185, 2.0965 -0.0984 0.3031, 2.0374 -0.0984 0.3031, 2.2933 -0.0984 0.3031, 2.2343 -0.0984 0.3031
            ]
        }
        coordIndex [
            0,1,2,-1,2,1,3,-1,2,3,4,-1,5,6,7,-1,7,6,8,-1,9,10,11,-1,4,12,2,-1,2,12,7,-1,2,7,13,-1,13,7,8,-1,13,8,14,-1,15,16,14,-1,14,16,17,-1,14,17,13,-1,13,17,18,-1,19,20,18,-1,18,20,21,-1,18,21,13,-1,13,21,22,-1,23,24,25,-1,26,27,22,-1,22,27,28,-1,22,28,13,-1,13,28,29,-1,30,31,29,-1,29,31,32,-1,29,32,13,-1,13,32,33,-1,13,34,35,-1,36,37,33,-1,33,37,38,-1,33,38,13,-1,13,38,39,-1,40,41,35,-1,35,41,42,-1,35,42,13,-1,13,42,43,-1,44,45,46,-1,11,34,9,-1,9,34,13,-1,9,13,47,-1,47,13,39,-1,47,39,48,-1,48,39,49,-1,50,51,13,-1,25,50,23,-1,23,50,13,-1,23,13,52,-1,52,13,43,-1,52,43,53,-1,53,43,54,-1,55,56,13,-1,57,58,59,-1,60,61,51,-1,51,61,62,-1,51,62,13,-1,13,62,63,-1,64,65,63,-1,63,65,66,-1,63,66,13,-1,13,66,44,-1,13,44,55,-1,55,44,46,-1,67,68,13,-1,69,70,56,-1,56,70,71,-1,56,71,13,-1,13,71,57,-1,13,57,67,-1,67,57,59,-1,72,73,74,-1,75,76,13,-1,74,75,72,-1,72,75,13,-1,72,13,77,-1,77,13,68,-1,77,68,78,-1,78,68,79,-1,80,81,82,-1,83,84,13,-1,82,83,80,-1,80,83,13,-1,80,13,85,-1,85,13,76,-1,85,76,86,-1,86,76,87,-1,88,89,90,-1,91,92,13,-1,90,91,88,-1,88,91,13,-1,88,13,93,-1,93,13,84,-1,93,84,94,-1,94,84,95,-1,96,97,98,-1,98,97,13,-1,98,13,99,-1,99,13,92,-1,99,92,100,-1,100,92,101,-1,13,97,102,-1,102,97,103,-1,102,103,104,-1,105,106,107,-1,107,106,108,-1,109,110,111,-1,104,112,102,-1,102,112,107,-1,102,107,0,-1,0,107,108,-1,0,108,113,-1,114,115,113,-1,113,115,116,-1,113,116,0,-1,0,116,117,-1,118,119,117,-1,117,119,120,-1,117,120,0,-1,0,120,121,-1,122,123,124,-1,125,126,121,-1,121,126,127,-1,121,127,0,-1,0,127,128,-1,129,130,128,-1,128,130,131,-1,128,131,0,-1,0,131,132,-1,0,133,134,-1,135,136,132,-1,132,136,137,-1,132,137,0,-1,0,137,138,-1,139,140,134,-1,134,140,141,-1,134,141,0,-1,0,141,142,-1,143,144,145,-1,111,133,109,-1,109,133,0,-1,109,0,146,-1,146,0,138,-1,146,138,147,-1,147,138,148,-1,149,150,0,-1,124,149,122,-1,122,149,0,-1,122,0,151,-1,151,0,142,-1,151,142,152,-1,152,142,153,-1,154,155,0,-1,156,157,158,-1,159,160,150,-1,150,160,161,-1,150,161,0,-1,0,161,162,-1,163,164,162,-1,162,164,165,-1,162,165,0,-1,0,165,143,-1,0,143,154,-1,154,143,145,-1,166,167,0,-1,168,169,155,-1,155,169,170,-1,155,170,0,-1,0,170,156,-1,0,156,166,-1,166,156,158,-1,171,172,173,-1,174,175,0,-1,173,174,171,-1,171,174,0,-1,171,0,176,-1,176,0,167,-1,176,167,177,-1,177,167,178,-1,179,180,181,-1,182,183,0,-1,181,182,179,-1,179,182,0,-1,179,0,184,-1,184,0,175,-1,184,175,185,-1,185,175,186,-1,187,188,189,-1,190,191,0,-1,189,190,187,-1,187,190,0,-1,187,0,192,-1,192,0,183,-1,192,183,193,-1,193,183,194,-1,195,1,196,-1,196,1,0,-1,196,0,197,-1,197,0,191,-1,197,191,198,-1,198,191,199,-1,200,4,3,-1,201,104,103,-1,59,58,202,-1,202,58,203,-1,202,204,205,-1,205,204,206,-1,147,148,206,-1,206,148,207,-1,70,69,208,-1,208,69,209,-1,136,135,210,-1,210,135,211,-1,208,212,203,-1,203,212,213,-1,203,213,202,-1,202,213,111,-1,202,111,204,-1,204,111,110,-1,46,45,214,-1,214,45,215,-1,210,216,207,-1,207,216,217,-1,207,217,206,-1,206,217,78,-1,206,78,205,-1,205,78,79,-1,130,129,218,-1,218,129,219,-1,214,220,209,-1,209,220,221,-1,209,221,208,-1,208,221,140,-1,208,140,212,-1,212,140,139,-1,65,64,222,-1,222,64,223,-1,218,224,211,-1,211,224,225,-1,211,225,210,-1,210,225,74,-1,210,74,216,-1,216,74,73,-1,126,125,226,-1,226,125,227,-1,222,228,215,-1,215,228,229,-1,215,229,214,-1,214,229,152,-1,214,152,220,-1,220,152,153,-1,61,60,230,-1,230,60,231,-1,226,232,219,-1,219,232,233,-1,219,233,218,-1,218,233,86,-1,218,86,224,-1,224,86,87,-1,119,118,234,-1,234,118,235,-1,230,236,223,-1,223,236,237,-1,223,237,222,-1,222,237,124,-1,222,124,228,-1,228,124,123,-1,25,24,238,-1,238,24,239,-1,234,240,227,-1,227,240,241,-1,227,241,226,-1,226,241,82,-1,226,82,232,-1,232,82,81,-1,115,114,242,-1,242,114,243,-1,238,244,231,-1,231,244,245,-1,231,245,230,-1,230,245,160,-1,230,160,236,-1,236,160,159,-1,53,54,246,-1,246,54,247,-1,242,248,235,-1,235,248,249,-1,235,249,234,-1,234,249,94,-1,234,94,240,-1,240,94,95,-1,106,105,250,-1,250,105,251,-1,246,252,239,-1,239,252,253,-1,239,253,238,-1,238,253,164,-1,238,164,244,-1,244,164,163,-1,41,40,254,-1,254,40,255,-1,250,256,243,-1,243,256,257,-1,243,257,242,-1,242,257,90,-1,242,90,248,-1,248,90,89,-1,97,96,258,-1,254,259,247,-1,247,259,260,-1,247,260,246,-1,246,260,145,-1,246,145,252,-1,252,145,144,-1,11,10,261,-1,261,10,262,-1,103,97,201,-1,201,97,258,-1,201,258,251,-1,251,258,263,-1,251,263,250,-1,250,263,100,-1,250,100,256,-1,256,100,101,-1,261,264,255,-1,255,264,265,-1,255,265,254,-1,254,265,169,-1,254,169,259,-1,259,169,168,-1,48,49,266,-1,266,49,267,-1,266,268,262,-1,262,268,269,-1,262,269,261,-1,261,269,158,-1,261,158,264,-1,264,158,157,-1,37,36,270,-1,270,36,271,-1,270,272,267,-1,267,272,273,-1,267,273,266,-1,266,273,177,-1,266,177,268,-1,268,177,178,-1,31,30,274,-1,274,30,275,-1,274,276,271,-1,271,276,277,-1,271,277,270,-1,270,277,173,-1,270,173,272,-1,272,173,172,-1,27,26,278,-1,278,26,279,-1,278,280,275,-1,275,280,281,-1,275,281,274,-1,274,281,185,-1,274,185,276,-1,276,185,186,-1,20,19,282,-1,282,19,283,-1,282,284,279,-1,279,284,285,-1,279,285,278,-1,278,285,181,-1,278,181,280,-1,280,181,180,-1,16,15,286,-1,286,15,287,-1,286,288,283,-1,283,288,289,-1,283,289,282,-1,282,289,193,-1,282,193,284,-1,284,193,194,-1,6,5,290,-1,290,5,291,-1,290,292,287,-1,287,292,293,-1,287,293,286,-1,286,293,189,-1,286,189,288,-1,288,189,188,-1,1,195,294,-1,3,1,200,-1,200,1,294,-1,200,294,291,-1,291,294,295,-1,291,295,290,-1,290,295,198,-1,290,198,292,-1,292,198,199,-1,
        ]
    }
}
Shape{
    appearance Appearance {
        material  Material {
            diffuseColor 1.0 0.8901960784313725 0.3411764705882353
            specularColor 0.8784313725490196 0.7843137254901961 0.30196078431372547
            ambientIntensity 0.8604
            transparency 0.0
            shininess 0.5
        }
    }
    geometry IndexedFaceSet {
        ccw TRUE
        solid FALSE
        coord DEF co Coordinate {
            point [
                -2.2342 -0.5709 0.185, -2.2342 -0.0984 0.185, -2.2933 -0.5709 0.185, -2.2933 -0.0984 0.185, -2.2933 -0.0984 0.1457, -2.2933 -0.6102 0.1457, -2.2933 -0.6089 0.1559, -2.2933 -0.605 0.1654, -2.2933 -0.5987 0.1735, -2.2933 -0.5905 0.1798, -2.2933 -0.5811 0.1837, -2.2342 -0.0984 0.1457, -2.2342 -0.6102 0.1457, -2.2342 -0.6089 0.1559, -2.2342 -0.5905 0.1798, -2.2342 -0.5987 0.1735, -2.2342 -0.605 0.1654, -2.2342 -0.5811 0.1837, -2.2933 -0.0984 0.3425, -2.2933 -0.0984 0.3031, -2.2933 -0.6102 0.3425, -2.2933 -0.5709 0.3031, -2.2933 -0.5905 0.3084, -2.2933 -0.5987 0.3147, -2.2933 -0.605 0.3228, -2.2933 -0.5811 0.3045, -2.2933 -0.6089 0.3323, -2.2342 -0.5709 0.3031, -2.2342 -0.0984 0.3031, -2.2342 -0.605 0.3228, -2.2342 -0.5987 0.3147, -2.2342 -0.5905 0.3084, -2.2342 -0.0984 0.3425, -2.2342 -0.6102 0.3425, -2.2342 -0.5811 0.3045, -2.2342 -0.6089 0.3323
            ]
        }
        coordIndex [
            0,1,2,-1,2,1,3,-1,2,3,4,-1,4,5,2,-1,2,5,6,-1,2,6,7,-1,8,9,7,-1,7,9,10,-1,7,10,2,-1,11,1,12,-1,12,1,0,-1,12,0,13,-1,14,15,16,-1,13,0,16,-1,16,0,17,-1,16,17,14,-1,18,19,20,-1,20,19,21,-1,22,23,24,-1,21,25,20,-1,20,25,22,-1,20,22,26,-1,26,22,24,-1,21,19,27,-1,27,19,28,-1,29,30,31,-1,28,32,27,-1,27,32,33,-1,27,33,34,-1,34,33,31,-1,31,33,35,-1,31,35,29,-1,33,20,26,-1,33,26,35,-1,35,26,24,-1,35,24,29,-1,29,24,23,-1,29,23,30,-1,30,23,22,-1,30,22,31,-1,31,22,25,-1,31,25,34,-1,34,25,21,-1,34,21,27,-1,0,2,10,-1,0,10,17,-1,17,10,9,-1,17,9,14,-1,14,9,8,-1,14,8,15,-1,15,8,7,-1,15,7,16,-1,16,7,6,-1,16,6,13,-1,13,6,5,-1,13,5,12,-1,
        ]
    }
}
Shape{
    appearance Appearance {
        material  Material {
            diffuseColor 0.9411764705882353 0.9411764705882353 0.9411764705882353
            specularColor 0.8274509803921568 0.8274509803921568 0.8274509803921568
            ambientIntensity 0.9412
            transparency 0.0
            shininess 0.5
        }
    }
    geometry IndexedFaceSet {
        ccw TRUE
        solid FALSE
        coord DEF co Coordinate {
            point [
                2.6575 -0.689 0.2756, 2.6575 -0.2953 0.2756, 2.5985 -0.689 0.2756, 2.5985 -0.2953 0.2756, 2.6575 -0.689 0.1772, 2.5985 -0.689 0.1772, 2.6575 -0.6378 0.1772, 2.5985 -0.6378 0.1772, 2.6575 -0.6358 0.1769, 2.5985 -0.6358 0.1769, 2.6575 -0.6339 0.1761, 2.5985 -0.6339 0.1761, 2.6575 -0.6322 0.1749, 2.5985 -0.6322 0.1749, 2.6575 -0.631 0.1732, 2.5985 -0.631 0.1732, 2.6575 -0.6302 0.1713, 2.5985 -0.6302 0.1713, 2.6575 -0.6299 0.1693, 2.5985 -0.6299 0.1693, 2.6575 -0.6299 0.0669, 2.5985 -0.6299 0.0669, 2.5985 -0.6296 0.0649, 2.6575 -0.6296 0.0649, 2.5985 -0.6289 0.063, 2.6575 -0.6289 0.063, 2.5985 -0.6276 0.0614, 2.6575 -0.6276 0.0614, 2.5985 -0.626 0.0601, 2.6575 -0.626 0.0601, 2.5985 -0.6241 0.0593, 2.6575 -0.6241 0.0593, 2.5985 -0.622 0.0591, 2.6575 -0.622 0.0591, 2.6575 -0.5315 0.0591, 2.5985 -0.5315 0.0591, 2.6575 -0.5315 0.0079, 2.5985 -0.5315 0.0079, 2.5985 -0.5312 0.0058, 2.6575 -0.5312 0.0058, 2.5985 -0.5304 0.0039, 2.6575 -0.5304 0.0039, 2.5985 -0.5292 0.0023, 2.6575 -0.5292 0.0023, 2.5985 -0.5276 0.0011, 2.6575 -0.5276 0.0011, 2.5985 -0.5257 0.0003, 2.6575 -0.5257 0.0003, 2.5985 -0.5236 0.0, 2.6575 -0.5236 0.0, 2.6575 -0.3425 0.0, 2.5985 -0.3425 0.0, 2.5985 -0.3405 0.0003, 2.6575 -0.3405 0.0003, 2.5985 -0.3386 0.0011, 2.6575 -0.3386 0.0011, 2.5985 -0.3369 0.0023, 2.6575 -0.3369 0.0023, 2.5985 -0.3357 0.0039, 2.6575 -0.3357 0.0039, 2.5985 -0.3349 0.0058, 2.6575 -0.3349 0.0058, 2.5985 -0.3346 0.0079, 2.6575 -0.3346 0.0079, 2.6575 -0.3346 0.1496, 2.5985 -0.3346 0.1496, 2.6575 -0.3344 0.1516, 2.5985 -0.3344 0.1516, 2.6575 -0.3336 0.1535, 2.5985 -0.3336 0.1535, 2.6575 -0.3323 0.1552, 2.5985 -0.3323 0.1552, 2.6575 -0.3307 0.1564, 2.5985 -0.3307 0.1564, 2.6575 -0.3288 0.1572, 2.5985 -0.3288 0.1572, 2.6575 -0.3268 0.1575, 2.5985 -0.3268 0.1575, 2.6575 -0.2953 0.1575, 2.5985 -0.2953 0.1575
            ]
        }
        coordIndex [
            0,1,2,-1,2,1,3,-1,4,0,5,-1,5,0,2,-1,6,4,7,-1,7,4,5,-1,6,7,8,-1,8,7,9,-1,8,9,10,-1,10,9,11,-1,10,11,12,-1,12,11,13,-1,12,13,14,-1,14,13,15,-1,14,15,16,-1,16,15,17,-1,16,17,18,-1,18,17,19,-1,20,18,21,-1,21,18,19,-1,20,21,22,-1,20,22,23,-1,23,22,24,-1,23,24,25,-1,25,24,26,-1,25,26,27,-1,27,26,28,-1,27,28,29,-1,29,28,30,-1,29,30,31,-1,31,30,32,-1,31,32,33,-1,34,33,35,-1,35,33,32,-1,36,34,37,-1,37,34,35,-1,36,37,38,-1,36,38,39,-1,39,38,40,-1,39,40,41,-1,41,40,42,-1,41,42,43,-1,43,42,44,-1,43,44,45,-1,45,44,46,-1,45,46,47,-1,47,46,48,-1,47,48,49,-1,50,49,51,-1,51,49,48,-1,50,51,52,-1,50,52,53,-1,53,52,54,-1,53,54,55,-1,55,54,56,-1,55,56,57,-1,57,56,58,-1,57,58,59,-1,59,58,60,-1,59,60,61,-1,61,60,62,-1,61,62,63,-1,64,63,65,-1,65,63,62,-1,64,65,66,-1,66,65,67,-1,66,67,68,-1,68,67,69,-1,68,69,70,-1,70,69,71,-1,70,71,72,-1,72,71,73,-1,72,73,74,-1,74,73,75,-1,74,75,76,-1,76,75,77,-1,78,76,79,-1,79,76,77,-1,14,16,1,-1,70,72,1,-1,14,1,12,-1,72,74,1,-1,1,74,76,-1,1,76,78,-1,16,18,1,-1,1,18,33,-1,1,33,34,-1,4,6,0,-1,0,6,8,-1,0,8,1,-1,1,8,10,-1,1,10,12,-1,49,50,63,-1,70,1,68,-1,68,1,34,-1,68,34,66,-1,29,23,27,-1,27,23,25,-1,18,20,33,-1,33,20,23,-1,33,23,31,-1,31,23,29,-1,39,49,36,-1,36,49,63,-1,36,63,34,-1,34,63,64,-1,34,64,66,-1,55,57,53,-1,53,57,59,-1,53,59,50,-1,50,59,61,-1,50,61,63,-1,39,41,43,-1,43,45,39,-1,39,45,47,-1,39,47,49,-1,7,5,2,-1,37,35,48,-1,3,17,15,-1,75,3,77,-1,77,3,79,-1,17,3,19,-1,19,3,35,-1,19,35,32,-1,75,73,3,-1,3,73,71,-1,3,71,35,-1,35,71,69,-1,15,13,3,-1,3,13,11,-1,3,11,2,-1,2,11,9,-1,2,9,7,-1,48,35,51,-1,69,67,35,-1,35,67,65,-1,35,65,51,-1,51,65,62,-1,51,62,60,-1,42,40,38,-1,30,22,32,-1,32,22,21,-1,32,21,19,-1,30,28,22,-1,22,28,26,-1,22,26,24,-1,60,58,51,-1,51,58,56,-1,51,56,52,-1,52,56,54,-1,42,38,44,-1,37,48,38,-1,38,48,46,-1,38,46,44,-1,
        ]
    }
}
Shape{
    appearance Appearance {
        material  Material {
            diffuseColor 0.48627450980392156 0.48627450980392156 0.48627450980392156
            specularColor 0.42745098039215684 0.42745098039215684 0.42745098039215684
            ambientIntensity 0.4863
            transparency 0.0
            shininess 0.5
        }
    }
    geometry IndexedFaceSet {
        ccw TRUE
        solid FALSE
        coord DEF co Coordinate {
            point [
                -2.0275 -0.0591 0.4213, -2.0275 -0.2165 0.4213, -2.0275 -0.0591 0.4803, -2.0275 -0.2165 0.4803, -2.1063 -0.2165 0.4213, -2.1063 -0.2165 0.4803, -2.1063 -0.0591 0.4213, -2.1063 -0.0591 0.4803, 2.3032 -0.0591 0.4213, 2.3032 -0.2165 0.4213, 2.3032 -0.0591 0.4803, 2.3032 -0.2165 0.4803, 2.2244 -0.2165 0.4213, 2.2244 -0.2165 0.4803, 2.2244 -0.0591 0.4213, 2.2244 -0.0591 0.4803, 2.1063 -0.0591 0.4213, 2.1063 -0.2165 0.4213, 2.1063 -0.0591 0.4803, 2.1063 -0.2165 0.4803, 2.0276 -0.2165 0.4213, 2.0276 -0.2165 0.4803, 2.0276 -0.0591 0.4213, 2.0276 -0.0591 0.4803, 1.9095 -0.0591 0.4213, 1.9095 -0.2165 0.4213, 1.9095 -0.0591 0.4803, 1.9095 -0.2165 0.4803, 1.8307 -0.2165 0.4213, 1.8307 -0.2165 0.4803, 1.8307 -0.0591 0.4213, 1.8307 -0.0591 0.4803, 1.7126 -0.0591 0.4213, 1.7126 -0.2165 0.4213, 1.7126 -0.0591 0.4803, 1.7126 -0.2165 0.4803, 1.6339 -0.2165 0.4213, 1.6339 -0.2165 0.4803, 1.6339 -0.0591 0.4213, 1.6339 -0.0591 0.4803, 1.5158 -0.0591 0.4213, 1.5158 -0.2165 0.4213, 1.5158 -0.0591 0.4803, 1.5158 -0.2165 0.4803, 1.437 -0.2165 0.4213, 1.437 -0.2165 0.4803, 1.437 -0.0591 0.4213, 1.437 -0.0591 0.4803, 1.3189 -0.0591 0.4213, 1.3189 -0.2165 0.4213, 1.3189 -0.0591 0.4803, 1.3189 -0.2165 0.4803, 1.2402 -0.2165 0.4213, 1.2402 -0.2165 0.4803, 1.2402 -0.0591 0.4213, 1.2402 -0.0591 0.4803, 1.1221 -0.0591 0.4213, 1.1221 -0.2165 0.4213, 1.1221 -0.0591 0.4803, 1.1221 -0.2165 0.4803, 1.0433 -0.2165 0.4213, 1.0433 -0.2165 0.4803, 1.0433 -0.0591 0.4213, 1.0433 -0.0591 0.4803, 0.9252 -0.0591 0.4213, 0.9252 -0.2165 0.4213, 0.9252 -0.0591 0.4803, 0.9252 -0.2165 0.4803, 0.8465 -0.2165 0.4213, 0.8465 -0.2165 0.4803, 0.8465 -0.0591 0.4213, 0.8465 -0.0591 0.4803, 0.7284 -0.0591 0.4213, 0.7284 -0.2165 0.4213, 0.7284 -0.0591 0.4803, 0.7284 -0.2165 0.4803, 0.6496 -0.2165 0.4213, 0.6496 -0.2165 0.4803, 0.6496 -0.0591 0.4213, 0.6496 -0.0591 0.4803, 0.5315 -0.0591 0.4213, 0.5315 -0.2165 0.4213, 0.5315 -0.0591 0.4803, 0.5315 -0.2165 0.4803, 0.4528 -0.2165 0.4213, 0.4528 -0.2165 0.4803, 0.4528 -0.0591 0.4213, 0.4528 -0.0591 0.4803, 0.3347 -0.0591 0.4213, 0.3347 -0.2165 0.4213, 0.3347 -0.0591 0.4803, 0.3347 -0.2165 0.4803, 0.2559 -0.2165 0.4213, 0.2559 -0.2165 0.4803, 0.2559 -0.0591 0.4213, 0.2559 -0.0591 0.4803, 0.1378 -0.0591 0.4213, 0.1378 -0.2165 0.4213, 0.1378 -0.0591 0.4803, 0.1378 -0.2165 0.4803, 0.0591 -0.2165 0.4213, 0.0591 -0.2165 0.4803, 0.0591 -0.0591 0.4213, 0.0591 -0.0591 0.4803, -0.059 -0.0591 0.4213, -0.059 -0.2165 0.4213, -0.059 -0.0591 0.4803, -0.059 -0.2165 0.4803, -0.1378 -0.2165 0.4213, -0.1378 -0.2165 0.4803, -0.1378 -0.0591 0.4213, -0.1378 -0.0591 0.4803, -0.2559 -0.0591 0.4213, -0.2559 -0.2165 0.4213, -0.2559 -0.0591 0.4803, -0.2559 -0.2165 0.4803, -0.3346 -0.2165 0.4213, -0.3346 -0.2165 0.4803, -0.3346 -0.0591 0.4213, -0.3346 -0.0591 0.4803, -0.4527 -0.0591 0.4213, -0.4527 -0.2165 0.4213, -0.4527 -0.0591 0.4803, -0.4527 -0.2165 0.4803, -0.5315 -0.2165 0.4213, -0.5315 -0.2165 0.4803, -0.5315 -0.0591 0.4213, -0.5315 -0.0591 0.4803, -0.6496 -0.0591 0.4213, -0.6496 -0.2165 0.4213, -0.6496 -0.0591 0.4803, -0.6496 -0.2165 0.4803, -0.7283 -0.2165 0.4213, -0.7283 -0.2165 0.4803, -0.7283 -0.0591 0.4213, -0.7283 -0.0591 0.4803, -0.8464 -0.0591 0.4213, -0.8464 -0.2165 0.4213, -0.8464 -0.0591 0.4803, -0.8464 -0.2165 0.4803, -0.9252 -0.2165 0.4213, -0.9252 -0.2165 0.4803, -0.9252 -0.0591 0.4213, -0.9252 -0.0591 0.4803, -1.0433 -0.0591 0.4213, -1.0433 -0.2165 0.4213, -1.0433 -0.0591 0.4803, -1.0433 -0.2165 0.4803, -1.122 -0.2165 0.4213, -1.122 -0.2165 0.4803, -1.122 -0.0591 0.4213, -1.122 -0.0591 0.4803, -1.2401 -0.0591 0.4213, -1.2401 -0.2165 0.4213, -1.2401 -0.0591 0.4803, -1.2401 -0.2165 0.4803, -1.3189 -0.2165 0.4213, -1.3189 -0.2165 0.4803, -1.3189 -0.0591 0.4213, -1.3189 -0.0591 0.4803, -1.437 -0.0591 0.4213, -1.437 -0.2165 0.4213, -1.437 -0.0591 0.4803, -1.437 -0.2165 0.4803, -1.5157 -0.2165 0.4213, -1.5157 -0.2165 0.4803, -1.5157 -0.0591 0.4213, -1.5157 -0.0591 0.4803, -1.6338 -0.0591 0.4213, -1.6338 -0.2165 0.4213, -1.6338 -0.0591 0.4803, -1.6338 -0.2165 0.4803, -1.7126 -0.2165 0.4213, -1.7126 -0.2165 0.4803, -1.7126 -0.0591 0.4213, -1.7126 -0.0591 0.4803, -1.8307 -0.0591 0.4213, -1.8307 -0.2165 0.4213, -1.8307 -0.0591 0.4803, -1.8307 -0.2165 0.4803, -1.9094 -0.2165 0.4213, -1.9094 -0.2165 0.4803, -1.9094 -0.0591 0.4213, -1.9094 -0.0591 0.4803
            ]
        }
        coordIndex [
            0,1,2,-1,2,1,3,-1,1,4,3,-1,3,4,5,-1,4,6,5,-1,5,6,7,-1,8,9,10,-1,10,9,11,-1,9,12,11,-1,11,12,13,-1,12,14,13,-1,13,14,15,-1,16,17,18,-1,18,17,19,-1,17,20,19,-1,19,20,21,-1,20,22,21,-1,21,22,23,-1,24,25,26,-1,26,25,27,-1,25,28,27,-1,27,28,29,-1,28,30,29,-1,29,30,31,-1,32,33,34,-1,34,33,35,-1,33,36,35,-1,35,36,37,-1,36,38,37,-1,37,38,39,-1,40,41,42,-1,42,41,43,-1,41,44,43,-1,43,44,45,-1,44,46,45,-1,45,46,47,-1,48,49,50,-1,50,49,51,-1,49,52,51,-1,51,52,53,-1,52,54,53,-1,53,54,55,-1,56,57,58,-1,58,57,59,-1,57,60,59,-1,59,60,61,-1,60,62,61,-1,61,62,63,-1,64,65,66,-1,66,65,67,-1,65,68,67,-1,67,68,69,-1,68,70,69,-1,69,70,71,-1,72,73,74,-1,74,73,75,-1,73,76,75,-1,75,76,77,-1,76,78,77,-1,77,78,79,-1,80,81,82,-1,82,81,83,-1,81,84,83,-1,83,84,85,-1,84,86,85,-1,85,86,87,-1,88,89,90,-1,90,89,91,-1,89,92,91,-1,91,92,93,-1,92,94,93,-1,93,94,95,-1,96,97,98,-1,98,97,99,-1,97,100,99,-1,99,100,101,-1,100,102,101,-1,101,102,103,-1,104,105,106,-1,106,105,107,-1,105,108,107,-1,107,108,109,-1,108,110,109,-1,109,110,111,-1,112,113,114,-1,114,113,115,-1,113,116,115,-1,115,116,117,-1,116,118,117,-1,117,118,119,-1,120,121,122,-1,122,121,123,-1,121,124,123,-1,123,124,125,-1,124,126,125,-1,125,126,127,-1,128,129,130,-1,130,129,131,-1,129,132,131,-1,131,132,133,-1,132,134,133,-1,133,134,135,-1,136,137,138,-1,138,137,139,-1,137,140,139,-1,139,140,141,-1,140,142,141,-1,141,142,143,-1,144,145,146,-1,146,145,147,-1,145,148,147,-1,147,148,149,-1,148,150,149,-1,149,150,151,-1,152,153,154,-1,154,153,155,-1,153,156,155,-1,155,156,157,-1,156,158,157,-1,157,158,159,-1,160,161,162,-1,162,161,163,-1,161,164,163,-1,163,164,165,-1,164,166,165,-1,165,166,167,-1,168,169,170,-1,170,169,171,-1,169,172,171,-1,171,172,173,-1,172,174,173,-1,173,174,175,-1,176,177,178,-1,178,177,179,-1,177,180,179,-1,179,180,181,-1,180,182,181,-1,181,182,183,-1,
        ]
    }
}
Shape{
    appearance Appearance {
        material  Material {
            diffuseColor 0.14901960784313725 0.14901960784313725 0.14901960784313725
            specularColor 0.12941176470588237 0.12941176470588237 0.12941176470588237
            ambientIntensity 0.149
            transparency 0.0
            shininess 0.5
        }
    }
    geometry IndexedFaceSet {
        ccw TRUE
        solid FALSE
        coord DEF co Coordinate {
            point [
                -2.0275 0.1772 0.4134, -2.0275 0.0197 0.4134, -2.0275 0.1772 0.4724, -2.0275 0.0197 0.4724, -2.1063 0.0197 0.4134, -2.1063 0.1772 0.4134, -2.1063 0.0197 0.4724, -2.1063 0.1772 0.4724, 2.3032 0.1772 0.4134, 2.3032 0.0197 0.4134, 2.3032 0.1772 0.4724, 2.3032 0.0197 0.4724, 2.2244 0.0197 0.4134, 2.2244 0.1772 0.4134, 2.2244 0.0197 0.4724, 2.2244 0.1772 0.4724, 2.1063 0.1772 0.4134, 2.1063 0.0197 0.4134, 2.1063 0.1772 0.4724, 2.1063 0.0197 0.4724, 2.0276 0.0197 0.4134, 2.0276 0.1772 0.4134, 2.0276 0.0197 0.4724, 2.0276 0.1772 0.4724, 1.9095 0.1772 0.4134, 1.9095 0.0197 0.4134, 1.9095 0.1772 0.4724, 1.9095 0.0197 0.4724, 1.8307 0.0197 0.4134, 1.8307 0.1772 0.4134, 1.8307 0.0197 0.4724, 1.8307 0.1772 0.4724, 1.7126 0.1772 0.4134, 1.7126 0.0197 0.4134, 1.7126 0.1772 0.4724, 1.7126 0.0197 0.4724, 1.6339 0.0197 0.4134, 1.6339 0.1772 0.4134, 1.6339 0.0197 0.4724, 1.6339 0.1772 0.4724, 1.5158 0.1772 0.4134, 1.5158 0.0197 0.4134, 1.5158 0.1772 0.4724, 1.5158 0.0197 0.4724, 1.437 0.0197 0.4134, 1.437 0.1772 0.4134, 1.437 0.0197 0.4724, 1.437 0.1772 0.4724, 1.3189 0.1772 0.4134, 1.3189 0.0197 0.4134, 1.3189 0.1772 0.4724, 1.3189 0.0197 0.4724, 1.2402 0.0197 0.4134, 1.2402 0.1772 0.4134, 1.2402 0.0197 0.4724, 1.2402 0.1772 0.4724, 1.1221 0.1772 0.4134, 1.1221 0.0197 0.4134, 1.1221 0.1772 0.4724, 1.1221 0.0197 0.4724, 1.0433 0.0197 0.4134, 1.0433 0.1772 0.4134, 1.0433 0.0197 0.4724, 1.0433 0.1772 0.4724, 0.9252 0.1772 0.4134, 0.9252 0.0197 0.4134, 0.9252 0.1772 0.4724, 0.9252 0.0197 0.4724, 0.8465 0.0197 0.4134, 0.8465 0.1772 0.4134, 0.8465 0.0197 0.4724, 0.8465 0.1772 0.4724, 0.7284 0.1772 0.4134, 0.7284 0.0197 0.4134, 0.7284 0.1772 0.4724, 0.7284 0.0197 0.4724, 0.6496 0.0197 0.4134, 0.6496 0.1772 0.4134, 0.6496 0.0197 0.4724, 0.6496 0.1772 0.4724, 0.5315 0.1772 0.4134, 0.5315 0.0197 0.4134, 0.5315 0.1772 0.4724, 0.5315 0.0197 0.4724, 0.4528 0.0197 0.4134, 0.4528 0.1772 0.4134, 0.4528 0.0197 0.4724, 0.4528 0.1772 0.4724, 0.3347 0.1772 0.4134, 0.3347 0.0197 0.4134, 0.3347 0.1772 0.4724, 0.3347 0.0197 0.4724, 0.2559 0.0197 0.4134, 0.2559 0.1772 0.4134, 0.2559 0.0197 0.4724, 0.2559 0.1772 0.4724, 0.1378 0.1772 0.4134, 0.1378 0.0197 0.4134, 0.1378 0.1772 0.4724, 0.1378 0.0197 0.4724, 0.0591 0.0197 0.4134, 0.0591 0.1772 0.4134, 0.0591 0.0197 0.4724, 0.0591 0.1772 0.4724, -0.059 0.1772 0.4134, -0.059 0.0197 0.4134, -0.059 0.1772 0.4724, -0.059 0.0197 0.4724, -0.1378 0.0197 0.4134, -0.1378 0.1772 0.4134, -0.1378 0.0197 0.4724, -0.1378 0.1772 0.4724, -0.2559 0.1772 0.4134, -0.2559 0.0197 0.4134, -0.2559 0.1772 0.4724, -0.2559 0.0197 0.4724, -0.3346 0.0197 0.4134, -0.3346 0.1772 0.4134, -0.3346 0.0197 0.4724, -0.3346 0.1772 0.4724, -0.4527 0.1772 0.4134, -0.4527 0.0197 0.4134, -0.4527 0.1772 0.4724, -0.4527 0.0197 0.4724, -0.5315 0.0197 0.4134, -0.5315 0.1772 0.4134, -0.5315 0.0197 0.4724, -0.5315 0.1772 0.4724, -0.6496 0.1772 0.4134, -0.6496 0.0197 0.4134, -0.6496 0.1772 0.4724, -0.6496 0.0197 0.4724, -0.7283 0.0197 0.4134, -0.7283 0.1772 0.4134, -0.7283 0.0197 0.4724, -0.7283 0.1772 0.4724, -0.8464 0.1772 0.4134, -0.8464 0.0197 0.4134, -0.8464 0.1772 0.4724, -0.8464 0.0197 0.4724, -0.9252 0.0197 0.4134, -0.9252 0.1772 0.4134, -0.9252 0.0197 0.4724, -0.9252 0.1772 0.4724, -1.0433 0.1772 0.4134, -1.0433 0.0197 0.4134, -1.0433 0.1772 0.4724, -1.0433 0.0197 0.4724, -1.122 0.0197 0.4134, -1.122 0.1772 0.4134, -1.122 0.0197 0.4724, -1.122 0.1772 0.4724, -1.2401 0.1772 0.4134, -1.2401 0.0197 0.4134, -1.2401 0.1772 0.4724, -1.2401 0.0197 0.4724, -1.3189 0.0197 0.4134, -1.3189 0.1772 0.4134, -1.3189 0.0197 0.4724, -1.3189 0.1772 0.4724, -1.437 0.1772 0.4134, -1.437 0.0197 0.4134, -1.437 0.1772 0.4724, -1.437 0.0197 0.4724, -1.5157 0.0197 0.4134, -1.5157 0.1772 0.4134, -1.5157 0.0197 0.4724, -1.5157 0.1772 0.4724, -1.6338 0.1772 0.4134, -1.6338 0.0197 0.4134, -1.6338 0.1772 0.4724, -1.6338 0.0197 0.4724, -1.7126 0.0197 0.4134, -1.7126 0.1772 0.4134, -1.7126 0.0197 0.4724, -1.7126 0.1772 0.4724, -1.8307 0.1772 0.4134, -1.8307 0.0197 0.4134, -1.8307 0.1772 0.4724, -1.8307 0.0197 0.4724, -1.9094 0.0197 0.4134, -1.9094 0.1772 0.4134, -1.9094 0.0197 0.4724, -1.9094 0.1772 0.4724
            ]
        }
        coordIndex [
            0,1,2,-1,2,1,3,-1,4,5,6,-1,6,5,7,-1,5,0,7,-1,7,0,2,-1,5,4,0,-1,0,4,1,-1,8,9,10,-1,10,9,11,-1,12,13,14,-1,14,13,15,-1,13,8,15,-1,15,8,10,-1,13,12,8,-1,8,12,9,-1,16,17,18,-1,18,17,19,-1,20,21,22,-1,22,21,23,-1,21,16,23,-1,23,16,18,-1,21,20,16,-1,16,20,17,-1,24,25,26,-1,26,25,27,-1,28,29,30,-1,30,29,31,-1,29,24,31,-1,31,24,26,-1,29,28,24,-1,24,28,25,-1,32,33,34,-1,34,33,35,-1,36,37,38,-1,38,37,39,-1,37,32,39,-1,39,32,34,-1,37,36,32,-1,32,36,33,-1,40,41,42,-1,42,41,43,-1,44,45,46,-1,46,45,47,-1,45,40,47,-1,47,40,42,-1,45,44,40,-1,40,44,41,-1,48,49,50,-1,50,49,51,-1,52,53,54,-1,54,53,55,-1,53,48,55,-1,55,48,50,-1,53,52,48,-1,48,52,49,-1,56,57,58,-1,58,57,59,-1,60,61,62,-1,62,61,63,-1,61,56,63,-1,63,56,58,-1,61,60,56,-1,56,60,57,-1,64,65,66,-1,66,65,67,-1,68,69,70,-1,70,69,71,-1,69,64,71,-1,71,64,66,-1,69,68,64,-1,64,68,65,-1,72,73,74,-1,74,73,75,-1,76,77,78,-1,78,77,79,-1,77,72,79,-1,79,72,74,-1,77,76,72,-1,72,76,73,-1,80,81,82,-1,82,81,83,-1,84,85,86,-1,86,85,87,-1,85,80,87,-1,87,80,82,-1,85,84,80,-1,80,84,81,-1,88,89,90,-1,90,89,91,-1,92,93,94,-1,94,93,95,-1,93,88,95,-1,95,88,90,-1,93,92,88,-1,88,92,89,-1,96,97,98,-1,98,97,99,-1,100,101,102,-1,102,101,103,-1,101,96,103,-1,103,96,98,-1,101,100,96,-1,96,100,97,-1,104,105,106,-1,106,105,107,-1,108,109,110,-1,110,109,111,-1,109,104,111,-1,111,104,106,-1,109,108,104,-1,104,108,105,-1,112,113,114,-1,114,113,115,-1,116,117,118,-1,118,117,119,-1,117,112,119,-1,119,112,114,-1,117,116,112,-1,112,116,113,-1,120,121,122,-1,122,121,123,-1,124,125,126,-1,126,125,127,-1,125,120,127,-1,127,120,122,-1,125,124,120,-1,120,124,121,-1,128,129,130,-1,130,129,131,-1,132,133,134,-1,134,133,135,-1,133,128,135,-1,135,128,130,-1,133,132,128,-1,128,132,129,-1,136,137,138,-1,138,137,139,-1,140,141,142,-1,142,141,143,-1,141,136,143,-1,143,136,138,-1,141,140,136,-1,136,140,137,-1,144,145,146,-1,146,145,147,-1,148,149,150,-1,150,149,151,-1,149,144,151,-1,151,144,146,-1,149,148,144,-1,144,148,145,-1,152,153,154,-1,154,153,155,-1,156,157,158,-1,158,157,159,-1,157,152,159,-1,159,152,154,-1,157,156,152,-1,152,156,153,-1,160,161,162,-1,162,161,163,-1,164,165,166,-1,166,165,167,-1,165,160,167,-1,167,160,162,-1,165,164,160,-1,160,164,161,-1,168,169,170,-1,170,169,171,-1,172,173,174,-1,174,173,175,-1,173,168,175,-1,175,168,170,-1,173,172,168,-1,168,172,169,-1,176,177,178,-1,178,177,179,-1,180,181,182,-1,182,181,183,-1,181,176,183,-1,183,176,178,-1,181,180,176,-1,176,180,177,-1,
        ]
    }
}
Shape{
    appearance Appearance {
        material  Material {
            diffuseColor 1.0 0.8901960784313725 0.3411764705882353
            specularColor 0.8784313725490196 0.7843137254901961 0.30196078431372547
            ambientIntensity 0.8604
            transparency 0.0
            shininess 0.5
        }
    }
    geometry IndexedFaceSet {
        ccw TRUE
        solid FALSE
        coord DEF co Coordinate {
            point [
                -2.0964 0.5315 0.0128, -2.0374 0.5315 0.0128, -2.0964 0.5333 0.013, -2.0374 0.5333 0.013, -2.0964 0.5349 0.0137, -2.0374 0.5349 0.0137, -2.0964 0.5364 0.0148, -2.0374 0.5364 0.0148, -2.0964 0.5375 0.0162, -2.0374 0.5375 0.0162, -2.0964 0.5382 0.0179, -2.0374 0.5382 0.0179, -2.0964 0.5384 0.0197, -2.0374 0.5384 0.0197, -2.0964 0.5382 0.0215, -2.0374 0.5382 0.0215, -2.0964 0.5375 0.0231, -2.0374 0.5375 0.0231, -2.0964 0.5364 0.0246, -2.0374 0.5364 0.0246, -2.0964 0.5349 0.0257, -2.0374 0.5349 0.0257, -2.0964 0.5333 0.0263, -2.0374 0.5333 0.0263, -2.0964 0.5315 0.0266, -2.0374 0.5315 0.0266, -2.0964 0.6142 0.1457, -2.0964 0.5315 0.1457, -2.0374 0.6142 0.1457, -2.0374 0.5315 0.1457, -2.0374 0.6183 0.1451, -2.0964 0.6183 0.1451, -2.0374 0.6221 0.1436, -2.0964 0.6221 0.1436, -2.0374 0.6253 0.1411, -2.0964 0.6253 0.1411, -2.0374 0.6278 0.1378, -2.0964 0.6278 0.1378, -2.0374 0.6294 0.134, -2.0964 0.6294 0.134, -2.0374 0.6299 0.1299, -2.0964 0.6299 0.1299, -2.0964 0.6299 0.0669, -2.0374 0.6299 0.0669, -2.0374 0.6297 0.0649, -2.0964 0.6297 0.0649, -2.0374 0.6289 0.063, -2.0964 0.6289 0.063, -2.0374 0.6276 0.0614, -2.0964 0.6276 0.0614, -2.0374 0.626 0.0601, -2.0964 0.626 0.0601, -2.0374 0.6241 0.0593, -2.0964 0.6241 0.0593, -2.0374 0.6221 0.0591, -2.0964 0.6221 0.0591, -2.0964 0.6102 0.0591, -2.0374 0.6102 0.0591, -2.0964 0.6102 0.0118, -2.0374 0.6102 0.0118, -2.0964 0.5984 0.0, -2.0374 0.5984 0.0, -2.0964 0.5118 0.0, -2.0374 0.5118 0.0, -2.0964 0.5118 0.0079, -2.0374 0.5118 0.0079, -2.0964 0.5315 0.0079, -2.0374 0.5315 0.0079, -1.8996 0.5315 0.0128, -1.8405 0.5315 0.0128, -1.8996 0.5333 0.013, -1.8405 0.5333 0.013, -1.8996 0.5349 0.0137, -1.8405 0.5349 0.0137, -1.8996 0.5364 0.0148, -1.8405 0.5364 0.0148, -1.8996 0.5375 0.0162, -1.8405 0.5375 0.0162, -1.8996 0.5382 0.0179, -1.8405 0.5382 0.0179, -1.8996 0.5384 0.0197, -1.8405 0.5384 0.0197, -1.8996 0.5382 0.0215, -1.8405 0.5382 0.0215, -1.8996 0.5375 0.0231, -1.8405 0.5375 0.0231, -1.8996 0.5364 0.0246, -1.8405 0.5364 0.0246, -1.8996 0.5349 0.0257, -1.8405 0.5349 0.0257, -1.8996 0.5333 0.0263, -1.8405 0.5333 0.0263, -1.8996 0.5315 0.0266, -1.8405 0.5315 0.0266, -1.8996 0.6142 0.1457, -1.8996 0.5315 0.1457, -1.8405 0.6142 0.1457, -1.8405 0.5315 0.1457, -1.8405 0.6183 0.1451, -1.8996 0.6183 0.1451, -1.8405 0.6221 0.1436, -1.8996 0.6221 0.1436, -1.8405 0.6253 0.1411, -1.8996 0.6253 0.1411, -1.8405 0.6278 0.1378, -1.8996 0.6278 0.1378, -1.8405 0.6294 0.134, -1.8996 0.6294 0.134, -1.8405 0.6299 0.1299, -1.8996 0.6299 0.1299, -1.8996 0.6299 0.0669, -1.8405 0.6299 0.0669, -1.8405 0.6297 0.0649, -1.8996 0.6297 0.0649, -1.8405 0.6289 0.063, -1.8996 0.6289 0.063, -1.8405 0.6276 0.0614, -1.8996 0.6276 0.0614, -1.8405 0.626 0.0601, -1.8996 0.626 0.0601, -1.8405 0.6241 0.0593, -1.8996 0.6241 0.0593, -1.8405 0.6221 0.0591, -1.8996 0.6221 0.0591, -1.8996 0.6102 0.0591, -1.8405 0.6102 0.0591, -1.8996 0.6102 0.0118, -1.8405 0.6102 0.0118, -1.8996 0.5984 0.0, -1.8405 0.5984 0.0, -1.8996 0.5118 0.0, -1.8405 0.5118 0.0, -1.8996 0.5118 0.0079, -1.8405 0.5118 0.0079, -1.8996 0.5315 0.0079, -1.8405 0.5315 0.0079, -1.7027 0.5315 0.0128, -1.6437 0.5315 0.0128, -1.7027 0.5333 0.013, -1.6437 0.5333 0.013, -1.7027 0.5349 0.0137, -1.6437 0.5349 0.0137, -1.7027 0.5364 0.0148, -1.6437 0.5364 0.0148, -1.7027 0.5375 0.0162, -1.6437 0.5375 0.0162, -1.7027 0.5382 0.0179, -1.6437 0.5382 0.0179, -1.7027 0.5384 0.0197, -1.6437 0.5384 0.0197, -1.7027 0.5382 0.0215, -1.6437 0.5382 0.0215, -1.7027 0.5375 0.0231, -1.6437 0.5375 0.0231, -1.7027 0.5364 0.0246, -1.6437 0.5364 0.0246, -1.7027 0.5349 0.0257, -1.6437 0.5349 0.0257, -1.7027 0.5333 0.0263, -1.6437 0.5333 0.0263, -1.7027 0.5315 0.0266, -1.6437 0.5315 0.0266, -1.7027 0.6142 0.1457, -1.7027 0.5315 0.1457, -1.6437 0.6142 0.1457, -1.6437 0.5315 0.1457, -1.6437 0.6183 0.1451, -1.7027 0.6183 0.1451, -1.6437 0.6221 0.1436, -1.7027 0.6221 0.1436, -1.6437 0.6253 0.1411, -1.7027 0.6253 0.1411, -1.6437 0.6278 0.1378, -1.7027 0.6278 0.1378, -1.6437 0.6294 0.134, -1.7027 0.6294 0.134, -1.6437 0.6299 0.1299, -1.7027 0.6299 0.1299, -1.7027 0.6299 0.0669, -1.6437 0.6299 0.0669, -1.6437 0.6297 0.0649, -1.7027 0.6297 0.0649, -1.6437 0.6289 0.063, -1.7027 0.6289 0.063, -1.6437 0.6276 0.0614, -1.7027 0.6276 0.0614, -1.6437 0.626 0.0601, -1.7027 0.626 0.0601, -1.6437 0.6241 0.0593, -1.7027 0.6241 0.0593, -1.6437 0.6221 0.0591, -1.7027 0.6221 0.0591, -1.7027 0.6102 0.0591, -1.6437 0.6102 0.0591, -1.7027 0.6102 0.0118, -1.6437 0.6102 0.0118, -1.7027 0.5984 0.0, -1.6437 0.5984 0.0, -1.7027 0.5118 0.0, -1.6437 0.5118 0.0, -1.7027 0.5118 0.0079, -1.6437 0.5118 0.0079, -1.7027 0.5315 0.0079, -1.6437 0.5315 0.0079, -1.5059 0.5315 0.0128, -1.4468 0.5315 0.0128, -1.5059 0.5333 0.013, -1.4468 0.5333 0.013, -1.5059 0.5349 0.0137, -1.4468 0.5349 0.0137, -1.5059 0.5364 0.0148, -1.4468 0.5364 0.0148, -1.5059 0.5375 0.0162, -1.4468 0.5375 0.0162, -1.5059 0.5382 0.0179, -1.4468 0.5382 0.0179, -1.5059 0.5384 0.0197, -1.4468 0.5384 0.0197, -1.5059 0.5382 0.0215, -1.4468 0.5382 0.0215, -1.5059 0.5375 0.0231, -1.4468 0.5375 0.0231, -1.5059 0.5364 0.0246, -1.4468 0.5364 0.0246, -1.5059 0.5349 0.0257, -1.4468 0.5349 0.0257, -1.5059 0.5333 0.0263, -1.4468 0.5333 0.0263, -1.5059 0.5315 0.0266, -1.4468 0.5315 0.0266, -1.5059 0.6142 0.1457, -1.5059 0.5315 0.1457, -1.4468 0.6142 0.1457, -1.4468 0.5315 0.1457, -1.4468 0.6183 0.1451, -1.5059 0.6183 0.1451, -1.4468 0.6221 0.1436, -1.5059 0.6221 0.1436, -1.4468 0.6253 0.1411, -1.5059 0.6253 0.1411, -1.4468 0.6278 0.1378, -1.5059 0.6278 0.1378, -1.4468 0.6294 0.134, -1.5059 0.6294 0.134, -1.4468 0.6299 0.1299, -1.5059 0.6299 0.1299, -1.5059 0.6299 0.0669, -1.4468 0.6299 0.0669, -1.4468 0.6297 0.0649, -1.5059 0.6297 0.0649, -1.4468 0.6289 0.063, -1.5059 0.6289 0.063, -1.4468 0.6276 0.0614, -1.5059 0.6276 0.0614, -1.4468 0.626 0.0601, -1.5059 0.626 0.0601, -1.4468 0.6241 0.0593, -1.5059 0.6241 0.0593, -1.4468 0.6221 0.0591, -1.5059 0.6221 0.0591, -1.5059 0.6102 0.0591, -1.4468 0.6102 0.0591, -1.5059 0.6102 0.0118, -1.4468 0.6102 0.0118, -1.5059 0.5984 0.0, -1.4468 0.5984 0.0, -1.5059 0.5118 0.0, -1.4468 0.5118 0.0, -1.5059 0.5118 0.0079, -1.4468 0.5118 0.0079, -1.5059 0.5315 0.0079, -1.4468 0.5315 0.0079, -1.309 0.5315 0.0128, -1.25 0.5315 0.0128, -1.309 0.5333 0.013, -1.25 0.5333 0.013, -1.309 0.5349 0.0137, -1.25 0.5349 0.0137, -1.309 0.5364 0.0148, -1.25 0.5364 0.0148, -1.309 0.5375 0.0162, -1.25 0.5375 0.0162, -1.309 0.5382 0.0179, -1.25 0.5382 0.0179, -1.309 0.5384 0.0197, -1.25 0.5384 0.0197, -1.309 0.5382 0.0215, -1.25 0.5382 0.0215, -1.309 0.5375 0.0231, -1.25 0.5375 0.0231, -1.309 0.5364 0.0246, -1.25 0.5364 0.0246, -1.309 0.5349 0.0257, -1.25 0.5349 0.0257, -1.309 0.5333 0.0263, -1.25 0.5333 0.0263, -1.309 0.5315 0.0266, -1.25 0.5315 0.0266, -1.309 0.6142 0.1457, -1.309 0.5315 0.1457, -1.25 0.6142 0.1457, -1.25 0.5315 0.1457, -1.25 0.6183 0.1451, -1.309 0.6183 0.1451, -1.25 0.6221 0.1436, -1.309 0.6221 0.1436, -1.25 0.6253 0.1411, -1.309 0.6253 0.1411, -1.25 0.6278 0.1378, -1.309 0.6278 0.1378, -1.25 0.6294 0.134, -1.309 0.6294 0.134, -1.25 0.6299 0.1299, -1.309 0.6299 0.1299, -1.309 0.6299 0.0669, -1.25 0.6299 0.0669, -1.25 0.6297 0.0649, -1.309 0.6297 0.0649, -1.25 0.6289 0.063, -1.309 0.6289 0.063, -1.25 0.6276 0.0614, -1.309 0.6276 0.0614, -1.25 0.626 0.0601, -1.309 0.626 0.0601, -1.25 0.6241 0.0593, -1.309 0.6241 0.0593, -1.25 0.6221 0.0591, -1.309 0.6221 0.0591, -1.309 0.6102 0.0591, -1.25 0.6102 0.0591, -1.309 0.6102 0.0118, -1.25 0.6102 0.0118, -1.309 0.5984 0.0, -1.25 0.5984 0.0, -1.309 0.5118 0.0, -1.25 0.5118 0.0, -1.309 0.5118 0.0079, -1.25 0.5118 0.0079, -1.309 0.5315 0.0079, -1.25 0.5315 0.0079, -1.1122 0.5315 0.0128, -1.0531 0.5315 0.0128, -1.1122 0.5333 0.013, -1.0531 0.5333 0.013, -1.1122 0.5349 0.0137, -1.0531 0.5349 0.0137, -1.1122 0.5364 0.0148, -1.0531 0.5364 0.0148, -1.1122 0.5375 0.0162, -1.0531 0.5375 0.0162, -1.1122 0.5382 0.0179, -1.0531 0.5382 0.0179, -1.1122 0.5384 0.0197, -1.0531 0.5384 0.0197, -1.1122 0.5382 0.0215, -1.0531 0.5382 0.0215, -1.1122 0.5375 0.0231, -1.0531 0.5375 0.0231, -1.1122 0.5364 0.0246, -1.0531 0.5364 0.0246, -1.1122 0.5349 0.0257, -1.0531 0.5349 0.0257, -1.1122 0.5333 0.0263, -1.0531 0.5333 0.0263, -1.1122 0.5315 0.0266, -1.0531 0.5315 0.0266, -1.1122 0.6142 0.1457, -1.1122 0.5315 0.1457, -1.0531 0.6142 0.1457, -1.0531 0.5315 0.1457, -1.0531 0.6183 0.1451, -1.1122 0.6183 0.1451, -1.0531 0.6221 0.1436, -1.1122 0.6221 0.1436, -1.0531 0.6253 0.1411, -1.1122 0.6253 0.1411, -1.0531 0.6278 0.1378, -1.1122 0.6278 0.1378, -1.0531 0.6294 0.134, -1.1122 0.6294 0.134, -1.0531 0.6299 0.1299, -1.1122 0.6299 0.1299, -1.1122 0.6299 0.0669, -1.0531 0.6299 0.0669, -1.0531 0.6297 0.0649, -1.1122 0.6297 0.0649, -1.0531 0.6289 0.063, -1.1122 0.6289 0.063, -1.0531 0.6276 0.0614, -1.1122 0.6276 0.0614, -1.0531 0.626 0.0601, -1.1122 0.626 0.0601, -1.0531 0.6241 0.0593, -1.1122 0.6241 0.0593, -1.0531 0.6221 0.0591, -1.1122 0.6221 0.0591, -1.1122 0.6102 0.0591, -1.0531 0.6102 0.0591, -1.1122 0.6102 0.0118, -1.0531 0.6102 0.0118, -1.1122 0.5984 0.0, -1.0531 0.5984 0.0, -1.1122 0.5118 0.0, -1.0531 0.5118 0.0, -1.1122 0.5118 0.0079, -1.0531 0.5118 0.0079, -1.1122 0.5315 0.0079, -1.0531 0.5315 0.0079, -0.9153 0.5315 0.0128, -0.8563 0.5315 0.0128, -0.9153 0.5333 0.013, -0.8563 0.5333 0.013, -0.9153 0.5349 0.0137, -0.8563 0.5349 0.0137, -0.9153 0.5364 0.0148, -0.8563 0.5364 0.0148, -0.9153 0.5375 0.0162, -0.8563 0.5375 0.0162, -0.9153 0.5382 0.0179, -0.8563 0.5382 0.0179, -0.9153 0.5384 0.0197, -0.8563 0.5384 0.0197, -0.9153 0.5382 0.0215, -0.8563 0.5382 0.0215, -0.9153 0.5375 0.0231, -0.8563 0.5375 0.0231, -0.9153 0.5364 0.0246, -0.8563 0.5364 0.0246, -0.9153 0.5349 0.0257, -0.8563 0.5349 0.0257, -0.9153 0.5333 0.0263, -0.8563 0.5333 0.0263, -0.9153 0.5315 0.0266, -0.8563 0.5315 0.0266, -0.9153 0.6142 0.1457, -0.9153 0.5315 0.1457, -0.8563 0.6142 0.1457, -0.8563 0.5315 0.1457, -0.8563 0.6183 0.1451, -0.9153 0.6183 0.1451, -0.8563 0.6221 0.1436, -0.9153 0.6221 0.1436, -0.8563 0.6253 0.1411, -0.9153 0.6253 0.1411, -0.8563 0.6278 0.1378, -0.9153 0.6278 0.1378, -0.8563 0.6294 0.134, -0.9153 0.6294 0.134, -0.8563 0.6299 0.1299, -0.9153 0.6299 0.1299, -0.9153 0.6299 0.0669, -0.8563 0.6299 0.0669, -0.8563 0.6297 0.0649, -0.9153 0.6297 0.0649, -0.8563 0.6289 0.063, -0.9153 0.6289 0.063, -0.8563 0.6276 0.0614, -0.9153 0.6276 0.0614, -0.8563 0.626 0.0601, -0.9153 0.626 0.0601, -0.8563 0.6241 0.0593, -0.9153 0.6241 0.0593, -0.8563 0.6221 0.0591, -0.9153 0.6221 0.0591, -0.9153 0.6102 0.0591, -0.8563 0.6102 0.0591, -0.9153 0.6102 0.0118, -0.8563 0.6102 0.0118, -0.9153 0.5984 0.0, -0.8563 0.5984 0.0, -0.9153 0.5118 0.0, -0.8563 0.5118 0.0, -0.9153 0.5118 0.0079, -0.8563 0.5118 0.0079, -0.9153 0.5315 0.0079, -0.8563 0.5315 0.0079, -0.7185 0.5315 0.0128, -0.6594 0.5315 0.0128, -0.7185 0.5333 0.013, -0.6594 0.5333 0.013, -0.7185 0.5349 0.0137, -0.6594 0.5349 0.0137, -0.7185 0.5364 0.0148, -0.6594 0.5364 0.0148, -0.7185 0.5375 0.0162, -0.6594 0.5375 0.0162, -0.7185 0.5382 0.0179, -0.6594 0.5382 0.0179, -0.7185 0.5384 0.0197, -0.6594 0.5384 0.0197, -0.7185 0.5382 0.0215, -0.6594 0.5382 0.0215, -0.7185 0.5375 0.0231, -0.6594 0.5375 0.0231, -0.7185 0.5364 0.0246, -0.6594 0.5364 0.0246, -0.7185 0.5349 0.0257, -0.6594 0.5349 0.0257, -0.7185 0.5333 0.0263, -0.6594 0.5333 0.0263, -0.7185 0.5315 0.0266, -0.6594 0.5315 0.0266, -0.7185 0.6142 0.1457, -0.7185 0.5315 0.1457, -0.6594 0.6142 0.1457, -0.6594 0.5315 0.1457, -0.6594 0.6183 0.1451, -0.7185 0.6183 0.1451, -0.6594 0.6221 0.1436, -0.7185 0.6221 0.1436, -0.6594 0.6253 0.1411, -0.7185 0.6253 0.1411, -0.6594 0.6278 0.1378, -0.7185 0.6278 0.1378, -0.6594 0.6294 0.134, -0.7185 0.6294 0.134, -0.6594 0.6299 0.1299, -0.7185 0.6299 0.1299, -0.7185 0.6299 0.0669, -0.6594 0.6299 0.0669, -0.6594 0.6297 0.0649, -0.7185 0.6297 0.0649, -0.6594 0.6289 0.063, -0.7185 0.6289 0.063, -0.6594 0.6276 0.0614, -0.7185 0.6276 0.0614, -0.6594 0.626 0.0601, -0.7185 0.626 0.0601, -0.6594 0.6241 0.0593, -0.7185 0.6241 0.0593, -0.6594 0.6221 0.0591, -0.7185 0.6221 0.0591, -0.7185 0.6102 0.0591, -0.6594 0.6102 0.0591, -0.7185 0.6102 0.0118, -0.6594 0.6102 0.0118, -0.7185 0.5984 0.0, -0.6594 0.5984 0.0, -0.7185 0.5118 0.0, -0.6594 0.5118 0.0, -0.7185 0.5118 0.0079, -0.6594 0.5118 0.0079, -0.7185 0.5315 0.0079, -0.6594 0.5315 0.0079, -0.5216 0.5315 0.0128, -0.4626 0.5315 0.0128, -0.5216 0.5333 0.013, -0.4626 0.5333 0.013, -0.5216 0.5349 0.0137, -0.4626 0.5349 0.0137, -0.5216 0.5364 0.0148, -0.4626 0.5364 0.0148, -0.5216 0.5375 0.0162, -0.4626 0.5375 0.0162, -0.5216 0.5382 0.0179, -0.4626 0.5382 0.0179, -0.5216 0.5384 0.0197, -0.4626 0.5384 0.0197, -0.5216 0.5382 0.0215, -0.4626 0.5382 0.0215, -0.5216 0.5375 0.0231, -0.4626 0.5375 0.0231, -0.5216 0.5364 0.0246, -0.4626 0.5364 0.0246, -0.5216 0.5349 0.0257, -0.4626 0.5349 0.0257, -0.5216 0.5333 0.0263, -0.4626 0.5333 0.0263, -0.5216 0.5315 0.0266, -0.4626 0.5315 0.0266, -0.5216 0.6142 0.1457, -0.5216 0.5315 0.1457, -0.4626 0.6142 0.1457, -0.4626 0.5315 0.1457, -0.4626 0.6183 0.1451, -0.5216 0.6183 0.1451, -0.4626 0.6221 0.1436, -0.5216 0.6221 0.1436, -0.4626 0.6253 0.1411, -0.5216 0.6253 0.1411, -0.4626 0.6278 0.1378, -0.5216 0.6278 0.1378, -0.4626 0.6294 0.134, -0.5216 0.6294 0.134, -0.4626 0.6299 0.1299, -0.5216 0.6299 0.1299, -0.5216 0.6299 0.0669, -0.4626 0.6299 0.0669, -0.4626 0.6297 0.0649, -0.5216 0.6297 0.0649, -0.4626 0.6289 0.063, -0.5216 0.6289 0.063, -0.4626 0.6276 0.0614, -0.5216 0.6276 0.0614, -0.4626 0.626 0.0601, -0.5216 0.626 0.0601, -0.4626 0.6241 0.0593, -0.5216 0.6241 0.0593, -0.4626 0.6221 0.0591, -0.5216 0.6221 0.0591, -0.5216 0.6102 0.0591, -0.4626 0.6102 0.0591, -0.5216 0.6102 0.0118, -0.4626 0.6102 0.0118, -0.5216 0.5984 0.0, -0.4626 0.5984 0.0, -0.5216 0.5118 0.0, -0.4626 0.5118 0.0, -0.5216 0.5118 0.0079, -0.4626 0.5118 0.0079, -0.5216 0.5315 0.0079, -0.4626 0.5315 0.0079, -0.3248 0.5315 0.0128, -0.2657 0.5315 0.0128, -0.3248 0.5333 0.013, -0.2657 0.5333 0.013, -0.3248 0.5349 0.0137, -0.2657 0.5349 0.0137, -0.3248 0.5364 0.0148, -0.2657 0.5364 0.0148, -0.3248 0.5375 0.0162, -0.2657 0.5375 0.0162, -0.3248 0.5382 0.0179, -0.2657 0.5382 0.0179, -0.3248 0.5384 0.0197, -0.2657 0.5384 0.0197, -0.3248 0.5382 0.0215, -0.2657 0.5382 0.0215, -0.3248 0.5375 0.0231, -0.2657 0.5375 0.0231, -0.3248 0.5364 0.0246, -0.2657 0.5364 0.0246, -0.3248 0.5349 0.0257, -0.2657 0.5349 0.0257, -0.3248 0.5333 0.0263, -0.2657 0.5333 0.0263, -0.3248 0.5315 0.0266, -0.2657 0.5315 0.0266, -0.3248 0.6142 0.1457, -0.3248 0.5315 0.1457, -0.2657 0.6142 0.1457, -0.2657 0.5315 0.1457, -0.2657 0.6183 0.1451, -0.3248 0.6183 0.1451, -0.2657 0.6221 0.1436, -0.3248 0.6221 0.1436, -0.2657 0.6253 0.1411, -0.3248 0.6253 0.1411, -0.2657 0.6278 0.1378, -0.3248 0.6278 0.1378, -0.2657 0.6294 0.134, -0.3248 0.6294 0.134, -0.2657 0.6299 0.1299, -0.3248 0.6299 0.1299, -0.3248 0.6299 0.0669, -0.2657 0.6299 0.0669, -0.2657 0.6297 0.0649, -0.3248 0.6297 0.0649, -0.2657 0.6289 0.063, -0.3248 0.6289 0.063, -0.2657 0.6276 0.0614, -0.3248 0.6276 0.0614, -0.2657 0.626 0.0601, -0.3248 0.626 0.0601, -0.2657 0.6241 0.0593, -0.3248 0.6241 0.0593, -0.2657 0.6221 0.0591, -0.3248 0.6221 0.0591, -0.3248 0.6102 0.0591, -0.2657 0.6102 0.0591, -0.3248 0.6102 0.0118, -0.2657 0.6102 0.0118, -0.3248 0.5984 0.0, -0.2657 0.5984 0.0, -0.3248 0.5118 0.0, -0.2657 0.5118 0.0, -0.3248 0.5118 0.0079, -0.2657 0.5118 0.0079, -0.3248 0.5315 0.0079, -0.2657 0.5315 0.0079, -0.1279 0.5315 0.0128, -0.0689 0.5315 0.0128, -0.1279 0.5333 0.013, -0.0689 0.5333 0.013, -0.1279 0.5349 0.0137, -0.0689 0.5349 0.0137, -0.1279 0.5364 0.0148, -0.0689 0.5364 0.0148, -0.1279 0.5375 0.0162, -0.0689 0.5375 0.0162, -0.1279 0.5382 0.0179, -0.0689 0.5382 0.0179, -0.1279 0.5384 0.0197, -0.0689 0.5384 0.0197, -0.1279 0.5382 0.0215, -0.0689 0.5382 0.0215, -0.1279 0.5375 0.0231, -0.0689 0.5375 0.0231, -0.1279 0.5364 0.0246, -0.0689 0.5364 0.0246, -0.1279 0.5349 0.0257, -0.0689 0.5349 0.0257, -0.1279 0.5333 0.0263, -0.0689 0.5333 0.0263, -0.1279 0.5315 0.0266, -0.0689 0.5315 0.0266, -0.1279 0.6142 0.1457, -0.1279 0.5315 0.1457, -0.0689 0.6142 0.1457, -0.0689 0.5315 0.1457, -0.0689 0.6183 0.1451, -0.1279 0.6183 0.1451, -0.0689 0.6221 0.1436, -0.1279 0.6221 0.1436, -0.0689 0.6253 0.1411, -0.1279 0.6253 0.1411, -0.0689 0.6278 0.1378, -0.1279 0.6278 0.1378, -0.0689 0.6294 0.134, -0.1279 0.6294 0.134, -0.0689 0.6299 0.1299, -0.1279 0.6299 0.1299, -0.1279 0.6299 0.0669, -0.0689 0.6299 0.0669, -0.0689 0.6297 0.0649, -0.1279 0.6297 0.0649, -0.0689 0.6289 0.063, -0.1279 0.6289 0.063, -0.0689 0.6276 0.0614, -0.1279 0.6276 0.0614, -0.0689 0.626 0.0601, -0.1279 0.626 0.0601, -0.0689 0.6241 0.0593, -0.1279 0.6241 0.0593, -0.0689 0.6221 0.0591, -0.1279 0.6221 0.0591, -0.1279 0.6102 0.0591, -0.0689 0.6102 0.0591, -0.1279 0.6102 0.0118, -0.0689 0.6102 0.0118, -0.1279 0.5984 0.0, -0.0689 0.5984 0.0, -0.1279 0.5118 0.0, -0.0689 0.5118 0.0, -0.1279 0.5118 0.0079, -0.0689 0.5118 0.0079, -0.1279 0.5315 0.0079, -0.0689 0.5315 0.0079, 0.0689 0.5315 0.0128, 0.128 0.5315 0.0128, 0.0689 0.5333 0.013, 0.128 0.5333 0.013, 0.0689 0.5349 0.0137, 0.128 0.5349 0.0137, 0.0689 0.5364 0.0148, 0.128 0.5364 0.0148, 0.0689 0.5375 0.0162, 0.128 0.5375 0.0162, 0.0689 0.5382 0.0179, 0.128 0.5382 0.0179, 0.0689 0.5384 0.0197, 0.128 0.5384 0.0197, 0.0689 0.5382 0.0215, 0.128 0.5382 0.0215, 0.0689 0.5375 0.0231, 0.128 0.5375 0.0231, 0.0689 0.5364 0.0246, 0.128 0.5364 0.0246, 0.0689 0.5349 0.0257, 0.128 0.5349 0.0257, 0.0689 0.5333 0.0263, 0.128 0.5333 0.0263, 0.0689 0.5315 0.0266, 0.128 0.5315 0.0266, 0.0689 0.6142 0.1457, 0.0689 0.5315 0.1457, 0.128 0.6142 0.1457, 0.128 0.5315 0.1457, 0.128 0.6183 0.1451, 0.0689 0.6183 0.1451, 0.128 0.6221 0.1436, 0.0689 0.6221 0.1436, 0.128 0.6253 0.1411, 0.0689 0.6253 0.1411, 0.128 0.6278 0.1378, 0.0689 0.6278 0.1378, 0.128 0.6294 0.134, 0.0689 0.6294 0.134, 0.128 0.6299 0.1299, 0.0689 0.6299 0.1299, 0.0689 0.6299 0.0669, 0.128 0.6299 0.0669, 0.128 0.6297 0.0649, 0.0689 0.6297 0.0649, 0.128 0.6289 0.063, 0.0689 0.6289 0.063, 0.128 0.6276 0.0614, 0.0689 0.6276 0.0614, 0.128 0.626 0.0601, 0.0689 0.626 0.0601, 0.128 0.6241 0.0593, 0.0689 0.6241 0.0593, 0.128 0.6221 0.0591, 0.0689 0.6221 0.0591, 0.0689 0.6102 0.0591, 0.128 0.6102 0.0591, 0.0689 0.6102 0.0118, 0.128 0.6102 0.0118, 0.0689 0.5984 0.0, 0.128 0.5984 0.0, 0.0689 0.5118 0.0, 0.128 0.5118 0.0, 0.0689 0.5118 0.0079, 0.128 0.5118 0.0079, 0.0689 0.5315 0.0079, 0.128 0.5315 0.0079, 0.2658 0.5315 0.0128, 0.3248 0.5315 0.0128, 0.2658 0.5333 0.013, 0.3248 0.5333 0.013, 0.2658 0.5349 0.0137, 0.3248 0.5349 0.0137, 0.2658 0.5364 0.0148, 0.3248 0.5364 0.0148, 0.2658 0.5375 0.0162, 0.3248 0.5375 0.0162, 0.2658 0.5382 0.0179, 0.3248 0.5382 0.0179, 0.2658 0.5384 0.0197, 0.3248 0.5384 0.0197, 0.2658 0.5382 0.0215, 0.3248 0.5382 0.0215, 0.2658 0.5375 0.0231, 0.3248 0.5375 0.0231, 0.2658 0.5364 0.0246, 0.3248 0.5364 0.0246, 0.2658 0.5349 0.0257, 0.3248 0.5349 0.0257, 0.2658 0.5333 0.0263, 0.3248 0.5333 0.0263, 0.2658 0.5315 0.0266, 0.3248 0.5315 0.0266, 0.2658 0.6142 0.1457, 0.2658 0.5315 0.1457, 0.3248 0.6142 0.1457, 0.3248 0.5315 0.1457, 0.3248 0.6183 0.1451, 0.2658 0.6183 0.1451, 0.3248 0.6221 0.1436, 0.2658 0.6221 0.1436, 0.3248 0.6253 0.1411, 0.2658 0.6253 0.1411, 0.3248 0.6278 0.1378, 0.2658 0.6278 0.1378, 0.3248 0.6294 0.134, 0.2658 0.6294 0.134, 0.3248 0.6299 0.1299, 0.2658 0.6299 0.1299, 0.2658 0.6299 0.0669, 0.3248 0.6299 0.0669, 0.3248 0.6297 0.0649, 0.2658 0.6297 0.0649, 0.3248 0.6289 0.063, 0.2658 0.6289 0.063, 0.3248 0.6276 0.0614, 0.2658 0.6276 0.0614, 0.3248 0.626 0.0601, 0.2658 0.626 0.0601, 0.3248 0.6241 0.0593, 0.2658 0.6241 0.0593, 0.3248 0.6221 0.0591, 0.2658 0.6221 0.0591, 0.2658 0.6102 0.0591, 0.3248 0.6102 0.0591, 0.2658 0.6102 0.0118, 0.3248 0.6102 0.0118, 0.2658 0.5984 0.0, 0.3248 0.5984 0.0, 0.2658 0.5118 0.0, 0.3248 0.5118 0.0, 0.2658 0.5118 0.0079, 0.3248 0.5118 0.0079, 0.2658 0.5315 0.0079, 0.3248 0.5315 0.0079, 0.4626 0.5315 0.0128, 0.5217 0.5315 0.0128, 0.4626 0.5333 0.013, 0.5217 0.5333 0.013, 0.4626 0.5349 0.0137, 0.5217 0.5349 0.0137, 0.4626 0.5364 0.0148, 0.5217 0.5364 0.0148, 0.4626 0.5375 0.0162, 0.5217 0.5375 0.0162, 0.4626 0.5382 0.0179, 0.5217 0.5382 0.0179, 0.4626 0.5384 0.0197, 0.5217 0.5384 0.0197, 0.4626 0.5382 0.0215, 0.5217 0.5382 0.0215, 0.4626 0.5375 0.0231, 0.5217 0.5375 0.0231, 0.4626 0.5364 0.0246, 0.5217 0.5364 0.0246, 0.4626 0.5349 0.0257, 0.5217 0.5349 0.0257, 0.4626 0.5333 0.0263, 0.5217 0.5333 0.0263, 0.4626 0.5315 0.0266, 0.5217 0.5315 0.0266, 0.4626 0.6142 0.1457, 0.4626 0.5315 0.1457, 0.5217 0.6142 0.1457, 0.5217 0.5315 0.1457, 0.5217 0.6183 0.1451, 0.4626 0.6183 0.1451, 0.5217 0.6221 0.1436, 0.4626 0.6221 0.1436, 0.5217 0.6253 0.1411, 0.4626 0.6253 0.1411, 0.5217 0.6278 0.1378, 0.4626 0.6278 0.1378, 0.5217 0.6294 0.134, 0.4626 0.6294 0.134, 0.5217 0.6299 0.1299, 0.4626 0.6299 0.1299, 0.4626 0.6299 0.0669, 0.5217 0.6299 0.0669, 0.5217 0.6297 0.0649, 0.4626 0.6297 0.0649, 0.5217 0.6289 0.063, 0.4626 0.6289 0.063, 0.5217 0.6276 0.0614, 0.4626 0.6276 0.0614, 0.5217 0.626 0.0601, 0.4626 0.626 0.0601, 0.5217 0.6241 0.0593, 0.4626 0.6241 0.0593, 0.5217 0.6221 0.0591, 0.4626 0.6221 0.0591, 0.4626 0.6102 0.0591, 0.5217 0.6102 0.0591, 0.4626 0.6102 0.0118, 0.5217 0.6102 0.0118, 0.4626 0.5984 0.0, 0.5217 0.5984 0.0, 0.4626 0.5118 0.0, 0.5217 0.5118 0.0, 0.4626 0.5118 0.0079, 0.5217 0.5118 0.0079, 0.4626 0.5315 0.0079, 0.5217 0.5315 0.0079, 0.6595 0.5315 0.0128, 0.7185 0.5315 0.0128, 0.6595 0.5333 0.013, 0.7185 0.5333 0.013, 0.6595 0.5349 0.0137, 0.7185 0.5349 0.0137, 0.6595 0.5364 0.0148, 0.7185 0.5364 0.0148, 0.6595 0.5375 0.0162, 0.7185 0.5375 0.0162, 0.6595 0.5382 0.0179, 0.7185 0.5382 0.0179, 0.6595 0.5384 0.0197, 0.7185 0.5384 0.0197, 0.6595 0.5382 0.0215, 0.7185 0.5382 0.0215, 0.6595 0.5375 0.0231, 0.7185 0.5375 0.0231, 0.6595 0.5364 0.0246, 0.7185 0.5364 0.0246, 0.6595 0.5349 0.0257, 0.7185 0.5349 0.0257, 0.6595 0.5333 0.0263, 0.7185 0.5333 0.0263, 0.6595 0.5315 0.0266, 0.7185 0.5315 0.0266, 0.6595 0.6142 0.1457, 0.6595 0.5315 0.1457, 0.7185 0.6142 0.1457, 0.7185 0.5315 0.1457, 0.7185 0.6183 0.1451, 0.6595 0.6183 0.1451, 0.7185 0.6221 0.1436, 0.6595 0.6221 0.1436, 0.7185 0.6253 0.1411, 0.6595 0.6253 0.1411, 0.7185 0.6278 0.1378, 0.6595 0.6278 0.1378, 0.7185 0.6294 0.134, 0.6595 0.6294 0.134, 0.7185 0.6299 0.1299, 0.6595 0.6299 0.1299, 0.6595 0.6299 0.0669, 0.7185 0.6299 0.0669, 0.7185 0.6297 0.0649, 0.6595 0.6297 0.0649, 0.7185 0.6289 0.063, 0.6595 0.6289 0.063, 0.7185 0.6276 0.0614, 0.6595 0.6276 0.0614, 0.7185 0.626 0.0601, 0.6595 0.626 0.0601, 0.7185 0.6241 0.0593, 0.6595 0.6241 0.0593, 0.7185 0.6221 0.0591, 0.6595 0.6221 0.0591, 0.6595 0.6102 0.0591, 0.7185 0.6102 0.0591, 0.6595 0.6102 0.0118, 0.7185 0.6102 0.0118, 0.6595 0.5984 0.0, 0.7185 0.5984 0.0, 0.6595 0.5118 0.0, 0.7185 0.5118 0.0, 0.6595 0.5118 0.0079, 0.7185 0.5118 0.0079, 0.6595 0.5315 0.0079, 0.7185 0.5315 0.0079, 0.8563 0.5315 0.0128, 0.9154 0.5315 0.0128, 0.8563 0.5333 0.013, 0.9154 0.5333 0.013, 0.8563 0.5349 0.0137, 0.9154 0.5349 0.0137, 0.8563 0.5364 0.0148, 0.9154 0.5364 0.0148, 0.8563 0.5375 0.0162, 0.9154 0.5375 0.0162, 0.8563 0.5382 0.0179, 0.9154 0.5382 0.0179, 0.8563 0.5384 0.0197, 0.9154 0.5384 0.0197, 0.8563 0.5382 0.0215, 0.9154 0.5382 0.0215, 0.8563 0.5375 0.0231, 0.9154 0.5375 0.0231, 0.8563 0.5364 0.0246, 0.9154 0.5364 0.0246, 0.8563 0.5349 0.0257, 0.9154 0.5349 0.0257, 0.8563 0.5333 0.0263, 0.9154 0.5333 0.0263, 0.8563 0.5315 0.0266, 0.9154 0.5315 0.0266, 0.8563 0.6142 0.1457, 0.8563 0.5315 0.1457, 0.9154 0.6142 0.1457, 0.9154 0.5315 0.1457, 0.9154 0.6183 0.1451, 0.8563 0.6183 0.1451, 0.9154 0.6221 0.1436, 0.8563 0.6221 0.1436, 0.9154 0.6253 0.1411, 0.8563 0.6253 0.1411, 0.9154 0.6278 0.1378, 0.8563 0.6278 0.1378, 0.9154 0.6294 0.134, 0.8563 0.6294 0.134, 0.9154 0.6299 0.1299, 0.8563 0.6299 0.1299, 0.8563 0.6299 0.0669, 0.9154 0.6299 0.0669, 0.9154 0.6297 0.0649, 0.8563 0.6297 0.0649, 0.9154 0.6289 0.063, 0.8563 0.6289 0.063, 0.9154 0.6276 0.0614, 0.8563 0.6276 0.0614, 0.9154 0.626 0.0601, 0.8563 0.626 0.0601, 0.9154 0.6241 0.0593, 0.8563 0.6241 0.0593, 0.9154 0.6221 0.0591, 0.8563 0.6221 0.0591, 0.8563 0.6102 0.0591, 0.9154 0.6102 0.0591, 0.8563 0.6102 0.0118, 0.9154 0.6102 0.0118, 0.8563 0.5984 0.0, 0.9154 0.5984 0.0, 0.8563 0.5118 0.0, 0.9154 0.5118 0.0, 0.8563 0.5118 0.0079, 0.9154 0.5118 0.0079, 0.8563 0.5315 0.0079, 0.9154 0.5315 0.0079, 1.0532 0.5315 0.0128, 1.1122 0.5315 0.0128, 1.0532 0.5333 0.013, 1.1122 0.5333 0.013, 1.0532 0.5349 0.0137, 1.1122 0.5349 0.0137, 1.0532 0.5364 0.0148, 1.1122 0.5364 0.0148, 1.0532 0.5375 0.0162, 1.1122 0.5375 0.0162, 1.0532 0.5382 0.0179, 1.1122 0.5382 0.0179, 1.0532 0.5384 0.0197, 1.1122 0.5384 0.0197, 1.0532 0.5382 0.0215, 1.1122 0.5382 0.0215, 1.0532 0.5375 0.0231, 1.1122 0.5375 0.0231, 1.0532 0.5364 0.0246, 1.1122 0.5364 0.0246, 1.0532 0.5349 0.0257, 1.1122 0.5349 0.0257, 1.0532 0.5333 0.0263, 1.1122 0.5333 0.0263, 1.0532 0.5315 0.0266, 1.1122 0.5315 0.0266, 1.0532 0.6142 0.1457, 1.0532 0.5315 0.1457, 1.1122 0.6142 0.1457, 1.1122 0.5315 0.1457, 1.1122 0.6183 0.1451, 1.0532 0.6183 0.1451, 1.1122 0.6221 0.1436, 1.0532 0.6221 0.1436, 1.1122 0.6253 0.1411, 1.0532 0.6253 0.1411, 1.1122 0.6278 0.1378, 1.0532 0.6278 0.1378, 1.1122 0.6294 0.134, 1.0532 0.6294 0.134, 1.1122 0.6299 0.1299, 1.0532 0.6299 0.1299, 1.0532 0.6299 0.0669, 1.1122 0.6299 0.0669, 1.1122 0.6297 0.0649, 1.0532 0.6297 0.0649, 1.1122 0.6289 0.063, 1.0532 0.6289 0.063, 1.1122 0.6276 0.0614, 1.0532 0.6276 0.0614, 1.1122 0.626 0.0601, 1.0532 0.626 0.0601, 1.1122 0.6241 0.0593, 1.0532 0.6241 0.0593, 1.1122 0.6221 0.0591, 1.0532 0.6221 0.0591, 1.0532 0.6102 0.0591, 1.1122 0.6102 0.0591, 1.0532 0.6102 0.0118, 1.1122 0.6102 0.0118, 1.0532 0.5984 0.0, 1.1122 0.5984 0.0, 1.0532 0.5118 0.0, 1.1122 0.5118 0.0, 1.0532 0.5118 0.0079, 1.1122 0.5118 0.0079, 1.0532 0.5315 0.0079, 1.1122 0.5315 0.0079, 1.25 0.5315 0.0128, 1.3091 0.5315 0.0128, 1.25 0.5333 0.013, 1.3091 0.5333 0.013, 1.25 0.5349 0.0137, 1.3091 0.5349 0.0137, 1.25 0.5364 0.0148, 1.3091 0.5364 0.0148, 1.25 0.5375 0.0162, 1.3091 0.5375 0.0162, 1.25 0.5382 0.0179, 1.3091 0.5382 0.0179, 1.25 0.5384 0.0197, 1.3091 0.5384 0.0197, 1.25 0.5382 0.0215, 1.3091 0.5382 0.0215, 1.25 0.5375 0.0231, 1.3091 0.5375 0.0231, 1.25 0.5364 0.0246, 1.3091 0.5364 0.0246, 1.25 0.5349 0.0257, 1.3091 0.5349 0.0257, 1.25 0.5333 0.0263, 1.3091 0.5333 0.0263, 1.25 0.5315 0.0266, 1.3091 0.5315 0.0266, 1.25 0.6142 0.1457, 1.25 0.5315 0.1457, 1.3091 0.6142 0.1457, 1.3091 0.5315 0.1457, 1.3091 0.6183 0.1451, 1.25 0.6183 0.1451, 1.3091 0.6221 0.1436, 1.25 0.6221 0.1436, 1.3091 0.6253 0.1411, 1.25 0.6253 0.1411, 1.3091 0.6278 0.1378, 1.25 0.6278 0.1378, 1.3091 0.6294 0.134, 1.25 0.6294 0.134, 1.3091 0.6299 0.1299, 1.25 0.6299 0.1299, 1.25 0.6299 0.0669, 1.3091 0.6299 0.0669, 1.3091 0.6297 0.0649, 1.25 0.6297 0.0649, 1.3091 0.6289 0.063, 1.25 0.6289 0.063, 1.3091 0.6276 0.0614, 1.25 0.6276 0.0614, 1.3091 0.626 0.0601, 1.25 0.626 0.0601, 1.3091 0.6241 0.0593, 1.25 0.6241 0.0593, 1.3091 0.6221 0.0591, 1.25 0.6221 0.0591, 1.25 0.6102 0.0591, 1.3091 0.6102 0.0591, 1.25 0.6102 0.0118, 1.3091 0.6102 0.0118, 1.25 0.5984 0.0, 1.3091 0.5984 0.0, 1.25 0.5118 0.0, 1.3091 0.5118 0.0, 1.25 0.5118 0.0079, 1.3091 0.5118 0.0079, 1.25 0.5315 0.0079, 1.3091 0.5315 0.0079, 1.4469 0.5315 0.0128, 1.5059 0.5315 0.0128, 1.4469 0.5333 0.013, 1.5059 0.5333 0.013, 1.4469 0.5349 0.0137, 1.5059 0.5349 0.0137, 1.4469 0.5364 0.0148, 1.5059 0.5364 0.0148, 1.4469 0.5375 0.0162, 1.5059 0.5375 0.0162, 1.4469 0.5382 0.0179, 1.5059 0.5382 0.0179, 1.4469 0.5384 0.0197, 1.5059 0.5384 0.0197, 1.4469 0.5382 0.0215, 1.5059 0.5382 0.0215, 1.4469 0.5375 0.0231, 1.5059 0.5375 0.0231, 1.4469 0.5364 0.0246, 1.5059 0.5364 0.0246, 1.4469 0.5349 0.0257, 1.5059 0.5349 0.0257, 1.4469 0.5333 0.0263, 1.5059 0.5333 0.0263, 1.4469 0.5315 0.0266, 1.5059 0.5315 0.0266, 1.4469 0.6142 0.1457, 1.4469 0.5315 0.1457, 1.5059 0.6142 0.1457, 1.5059 0.5315 0.1457, 1.5059 0.6183 0.1451, 1.4469 0.6183 0.1451, 1.5059 0.6221 0.1436, 1.4469 0.6221 0.1436, 1.5059 0.6253 0.1411, 1.4469 0.6253 0.1411, 1.5059 0.6278 0.1378, 1.4469 0.6278 0.1378, 1.5059 0.6294 0.134, 1.4469 0.6294 0.134, 1.5059 0.6299 0.1299, 1.4469 0.6299 0.1299, 1.4469 0.6299 0.0669, 1.5059 0.6299 0.0669, 1.5059 0.6297 0.0649, 1.4469 0.6297 0.0649, 1.5059 0.6289 0.063, 1.4469 0.6289 0.063, 1.5059 0.6276 0.0614, 1.4469 0.6276 0.0614, 1.5059 0.626 0.0601, 1.4469 0.626 0.0601, 1.5059 0.6241 0.0593, 1.4469 0.6241 0.0593, 1.5059 0.6221 0.0591, 1.4469 0.6221 0.0591, 1.4469 0.6102 0.0591, 1.5059 0.6102 0.0591, 1.4469 0.6102 0.0118, 1.5059 0.6102 0.0118, 1.4469 0.5984 0.0, 1.5059 0.5984 0.0, 1.4469 0.5118 0.0, 1.5059 0.5118 0.0, 1.4469 0.5118 0.0079, 1.5059 0.5118 0.0079, 1.4469 0.5315 0.0079, 1.5059 0.5315 0.0079, 1.6437 0.5315 0.0128, 1.7028 0.5315 0.0128, 1.6437 0.5333 0.013, 1.7028 0.5333 0.013, 1.6437 0.5349 0.0137, 1.7028 0.5349 0.0137, 1.6437 0.5364 0.0148, 1.7028 0.5364 0.0148, 1.6437 0.5375 0.0162, 1.7028 0.5375 0.0162, 1.6437 0.5382 0.0179, 1.7028 0.5382 0.0179, 1.6437 0.5384 0.0197, 1.7028 0.5384 0.0197, 1.6437 0.5382 0.0215, 1.7028 0.5382 0.0215, 1.6437 0.5375 0.0231, 1.7028 0.5375 0.0231, 1.6437 0.5364 0.0246, 1.7028 0.5364 0.0246, 1.6437 0.5349 0.0257, 1.7028 0.5349 0.0257, 1.6437 0.5333 0.0263, 1.7028 0.5333 0.0263, 1.6437 0.5315 0.0266, 1.7028 0.5315 0.0266, 1.6437 0.6142 0.1457, 1.6437 0.5315 0.1457, 1.7028 0.6142 0.1457, 1.7028 0.5315 0.1457, 1.7028 0.6183 0.1451, 1.6437 0.6183 0.1451, 1.7028 0.6221 0.1436, 1.6437 0.6221 0.1436, 1.7028 0.6253 0.1411, 1.6437 0.6253 0.1411, 1.7028 0.6278 0.1378, 1.6437 0.6278 0.1378, 1.7028 0.6294 0.134, 1.6437 0.6294 0.134, 1.7028 0.6299 0.1299, 1.6437 0.6299 0.1299, 1.6437 0.6299 0.0669, 1.7028 0.6299 0.0669, 1.7028 0.6297 0.0649, 1.6437 0.6297 0.0649, 1.7028 0.6289 0.063, 1.6437 0.6289 0.063, 1.7028 0.6276 0.0614, 1.6437 0.6276 0.0614, 1.7028 0.626 0.0601, 1.6437 0.626 0.0601, 1.7028 0.6241 0.0593, 1.6437 0.6241 0.0593, 1.7028 0.6221 0.0591, 1.6437 0.6221 0.0591, 1.6437 0.6102 0.0591, 1.7028 0.6102 0.0591, 1.6437 0.6102 0.0118, 1.7028 0.6102 0.0118, 1.6437 0.5984 0.0, 1.7028 0.5984 0.0, 1.6437 0.5118 0.0, 1.7028 0.5118 0.0, 1.6437 0.5118 0.0079, 1.7028 0.5118 0.0079, 1.6437 0.5315 0.0079, 1.7028 0.5315 0.0079, 1.8406 0.5315 0.0128, 1.8996 0.5315 0.0128, 1.8406 0.5333 0.013, 1.8996 0.5333 0.013, 1.8406 0.5349 0.0137, 1.8996 0.5349 0.0137, 1.8406 0.5364 0.0148, 1.8996 0.5364 0.0148, 1.8406 0.5375 0.0162, 1.8996 0.5375 0.0162, 1.8406 0.5382 0.0179, 1.8996 0.5382 0.0179, 1.8406 0.5384 0.0197, 1.8996 0.5384 0.0197, 1.8406 0.5382 0.0215, 1.8996 0.5382 0.0215, 1.8406 0.5375 0.0231, 1.8996 0.5375 0.0231, 1.8406 0.5364 0.0246, 1.8996 0.5364 0.0246, 1.8406 0.5349 0.0257, 1.8996 0.5349 0.0257, 1.8406 0.5333 0.0263, 1.8996 0.5333 0.0263, 1.8406 0.5315 0.0266, 1.8996 0.5315 0.0266, 1.8406 0.6142 0.1457, 1.8406 0.5315 0.1457, 1.8996 0.6142 0.1457, 1.8996 0.5315 0.1457, 1.8996 0.6183 0.1451, 1.8406 0.6183 0.1451, 1.8996 0.6221 0.1436, 1.8406 0.6221 0.1436, 1.8996 0.6253 0.1411, 1.8406 0.6253 0.1411, 1.8996 0.6278 0.1378, 1.8406 0.6278 0.1378, 1.8996 0.6294 0.134, 1.8406 0.6294 0.134, 1.8996 0.6299 0.1299, 1.8406 0.6299 0.1299, 1.8406 0.6299 0.0669, 1.8996 0.6299 0.0669, 1.8996 0.6297 0.0649, 1.8406 0.6297 0.0649, 1.8996 0.6289 0.063, 1.8406 0.6289 0.063, 1.8996 0.6276 0.0614, 1.8406 0.6276 0.0614, 1.8996 0.626 0.0601, 1.8406 0.626 0.0601, 1.8996 0.6241 0.0593, 1.8406 0.6241 0.0593, 1.8996 0.6221 0.0591, 1.8406 0.6221 0.0591, 1.8406 0.6102 0.0591, 1.8996 0.6102 0.0591, 1.8406 0.6102 0.0118, 1.8996 0.6102 0.0118, 1.8406 0.5984 0.0, 1.8996 0.5984 0.0, 1.8406 0.5118 0.0, 1.8996 0.5118 0.0, 1.8406 0.5118 0.0079, 1.8996 0.5118 0.0079, 1.8406 0.5315 0.0079, 1.8996 0.5315 0.0079, 2.0374 0.5315 0.0128, 2.0965 0.5315 0.0128, 2.0374 0.5333 0.013, 2.0965 0.5333 0.013, 2.0374 0.5349 0.0137, 2.0965 0.5349 0.0137, 2.0374 0.5364 0.0148, 2.0965 0.5364 0.0148, 2.0374 0.5375 0.0162, 2.0965 0.5375 0.0162, 2.0374 0.5382 0.0179, 2.0965 0.5382 0.0179, 2.0374 0.5384 0.0197, 2.0965 0.5384 0.0197, 2.0374 0.5382 0.0215, 2.0965 0.5382 0.0215, 2.0374 0.5375 0.0231, 2.0965 0.5375 0.0231, 2.0374 0.5364 0.0246, 2.0965 0.5364 0.0246, 2.0374 0.5349 0.0257, 2.0965 0.5349 0.0257, 2.0374 0.5333 0.0263, 2.0965 0.5333 0.0263, 2.0374 0.5315 0.0266, 2.0965 0.5315 0.0266, 2.0374 0.6142 0.1457, 2.0374 0.5315 0.1457, 2.0965 0.6142 0.1457, 2.0965 0.5315 0.1457, 2.0965 0.6183 0.1451, 2.0374 0.6183 0.1451, 2.0965 0.6221 0.1436, 2.0374 0.6221 0.1436, 2.0965 0.6253 0.1411, 2.0374 0.6253 0.1411, 2.0965 0.6278 0.1378, 2.0374 0.6278 0.1378, 2.0965 0.6294 0.134, 2.0374 0.6294 0.134, 2.0965 0.6299 0.1299, 2.0374 0.6299 0.1299, 2.0374 0.6299 0.0669, 2.0965 0.6299 0.0669, 2.0965 0.6297 0.0649, 2.0374 0.6297 0.0649, 2.0965 0.6289 0.063, 2.0374 0.6289 0.063, 2.0965 0.6276 0.0614, 2.0374 0.6276 0.0614, 2.0965 0.626 0.0601, 2.0374 0.626 0.0601, 2.0965 0.6241 0.0593, 2.0374 0.6241 0.0593, 2.0965 0.6221 0.0591, 2.0374 0.6221 0.0591, 2.0374 0.6102 0.0591, 2.0965 0.6102 0.0591, 2.0374 0.6102 0.0118, 2.0965 0.6102 0.0118, 2.0374 0.5984 0.0, 2.0965 0.5984 0.0, 2.0374 0.5118 0.0, 2.0965 0.5118 0.0, 2.0374 0.5118 0.0079, 2.0965 0.5118 0.0079, 2.0374 0.5315 0.0079, 2.0965 0.5315 0.0079, 2.2343 0.5315 0.0128, 2.2933 0.5315 0.0128, 2.2343 0.5333 0.013, 2.2933 0.5333 0.013, 2.2343 0.5349 0.0137, 2.2933 0.5349 0.0137, 2.2343 0.5364 0.0148, 2.2933 0.5364 0.0148, 2.2343 0.5375 0.0162, 2.2933 0.5375 0.0162, 2.2343 0.5382 0.0179, 2.2933 0.5382 0.0179, 2.2343 0.5384 0.0197, 2.2933 0.5384 0.0197, 2.2343 0.5382 0.0215, 2.2933 0.5382 0.0215, 2.2343 0.5375 0.0231, 2.2933 0.5375 0.0231, 2.2343 0.5364 0.0246, 2.2933 0.5364 0.0246, 2.2343 0.5349 0.0257, 2.2933 0.5349 0.0257, 2.2343 0.5333 0.0263, 2.2933 0.5333 0.0263, 2.2343 0.5315 0.0266, 2.2933 0.5315 0.0266, 2.2343 0.6142 0.1457, 2.2343 0.5315 0.1457, 2.2933 0.6142 0.1457, 2.2933 0.5315 0.1457, 2.2933 0.6183 0.1451, 2.2343 0.6183 0.1451, 2.2933 0.6221 0.1436, 2.2343 0.6221 0.1436, 2.2933 0.6253 0.1411, 2.2343 0.6253 0.1411, 2.2933 0.6278 0.1378, 2.2343 0.6278 0.1378, 2.2933 0.6294 0.134, 2.2343 0.6294 0.134, 2.2933 0.6299 0.1299, 2.2343 0.6299 0.1299, 2.2343 0.6299 0.0669, 2.2933 0.6299 0.0669, 2.2933 0.6297 0.0649, 2.2343 0.6297 0.0649, 2.2933 0.6289 0.063, 2.2343 0.6289 0.063, 2.2933 0.6276 0.0614, 2.2343 0.6276 0.0614, 2.2933 0.626 0.0601, 2.2343 0.626 0.0601, 2.2933 0.6241 0.0593, 2.2343 0.6241 0.0593, 2.2933 0.6221 0.0591, 2.2343 0.6221 0.0591, 2.2343 0.6102 0.0591, 2.2933 0.6102 0.0591, 2.2343 0.6102 0.0118, 2.2933 0.6102 0.0118, 2.2343 0.5984 0.0, 2.2933 0.5984 0.0, 2.2343 0.5118 0.0, 2.2933 0.5118 0.0, 2.2343 0.5118 0.0079, 2.2933 0.5118 0.0079, 2.2343 0.5315 0.0079, 2.2933 0.5315 0.0079, -2.0964 -0.0591 0.4213, -2.0964 0.1732 0.4213, -2.0374 -0.0591 0.4213, -2.0374 0.1732 0.4213, -2.0374 -0.2126 0.4409, -2.0374 -0.2126 0.4213, -2.0374 -0.2113 0.4511, -2.0374 0.1339 0.4803, -2.0374 0.1732 0.4409, -2.0374 -0.1834 0.479, -2.0374 -0.1929 0.475, -2.0374 -0.1732 0.4803, -2.0374 -0.2011 0.4688, -2.0374 -0.2073 0.4606, -2.0374 0.168 0.4606, -2.0374 0.1617 0.4688, -2.0374 0.1535 0.475, -2.0374 0.1719 0.4511, -2.0374 0.1441 0.479, -2.0964 0.1732 0.4409, -2.0964 0.1719 0.4511, -2.0964 0.1339 0.4803, -2.0964 -0.1732 0.4803, -2.0964 -0.1834 0.479, -2.0964 0.1535 0.475, -2.0964 0.1617 0.4688, -2.0964 0.168 0.4606, -2.0964 -0.2126 0.4213, -2.0964 -0.2126 0.4409, -2.0964 -0.2113 0.4511, -2.0964 -0.2073 0.4606, -2.0964 0.1441 0.479, -2.0964 -0.2011 0.4688, -2.0964 -0.1929 0.475, -1.8996 -0.0591 0.4213, -1.8996 0.1732 0.4213, -1.8405 -0.0591 0.4213, -1.8405 0.1732 0.4213, -1.8405 -0.2126 0.4409, -1.8405 -0.2126 0.4213, -1.8405 -0.2113 0.4511, -1.8405 0.1339 0.4803, -1.8405 -0.1732 0.4803, -1.8405 -0.1834 0.479, -1.8405 -0.1929 0.475, -1.8405 -0.2011 0.4688, -1.8405 -0.2073 0.4606, -1.8405 0.1732 0.4409, -1.8405 0.1719 0.4511, -1.8405 0.168 0.4606, -1.8405 0.1617 0.4688, -1.8405 0.1441 0.479, -1.8405 0.1535 0.475, -1.8996 0.1732 0.4409, -1.8996 0.1339 0.4803, -1.8996 -0.1732 0.4803, -1.8996 -0.1834 0.479, -1.8996 0.168 0.4606, -1.8996 0.1719 0.4511, -1.8996 -0.2126 0.4213, -1.8996 -0.2126 0.4409, -1.8996 -0.2113 0.4511, -1.8996 -0.2073 0.4606, -1.8996 0.1617 0.4688, -1.8996 0.1441 0.479, -1.8996 0.1535 0.475, -1.8996 -0.2011 0.4688, -1.8996 -0.1929 0.475, -1.7027 -0.0591 0.4213, -1.7027 0.1732 0.4213, -1.6437 -0.0591 0.4213, -1.6437 0.1732 0.4213, -1.6437 -0.2126 0.4409, -1.6437 -0.2126 0.4213, -1.6437 -0.2113 0.4511, -1.6437 0.1339 0.4803, -1.6437 -0.1732 0.4803, -1.6437 -0.1834 0.479, -1.6437 -0.1929 0.475, -1.6437 -0.2011 0.4688, -1.6437 -0.2073 0.4606, -1.6437 0.1732 0.4409, -1.6437 0.1719 0.4511, -1.6437 0.168 0.4606, -1.6437 0.1617 0.4688, -1.6437 0.1441 0.479, -1.6437 0.1535 0.475, -1.7027 0.1732 0.4409, -1.7027 0.1339 0.4803, -1.7027 -0.1732 0.4803, -1.7027 -0.1834 0.479, -1.7027 0.168 0.4606, -1.7027 0.1719 0.4511, -1.7027 -0.2126 0.4213, -1.7027 -0.2126 0.4409, -1.7027 -0.2113 0.4511, -1.7027 -0.2073 0.4606, -1.7027 0.1617 0.4688, -1.7027 0.1441 0.479, -1.7027 0.1535 0.475, -1.7027 -0.2011 0.4688, -1.7027 -0.1929 0.475, -1.5059 -0.0591 0.4213, -1.5059 0.1732 0.4213, -1.4468 -0.0591 0.4213, -1.4468 0.1732 0.4213, -1.4468 -0.2126 0.4409, -1.4468 -0.2126 0.4213, -1.4468 -0.2113 0.4511, -1.4468 0.1339 0.4803, -1.4468 0.1732 0.4409, -1.4468 -0.1834 0.479, -1.4468 -0.1929 0.475, -1.4468 -0.1732 0.4803, -1.4468 -0.2011 0.4688, -1.4468 -0.2073 0.4606, -1.4468 0.168 0.4606, -1.4468 0.1617 0.4688, -1.4468 0.1535 0.475, -1.4468 0.1719 0.4511, -1.4468 0.1441 0.479, -1.5059 0.1732 0.4409, -1.5059 0.1719 0.4511, -1.5059 0.1339 0.4803, -1.5059 -0.1732 0.4803, -1.5059 -0.1834 0.479, -1.5059 0.1535 0.475, -1.5059 0.1617 0.4688, -1.5059 0.168 0.4606, -1.5059 -0.2126 0.4213, -1.5059 -0.2126 0.4409, -1.5059 -0.2113 0.4511, -1.5059 -0.2073 0.4606, -1.5059 0.1441 0.479, -1.5059 -0.2011 0.4688, -1.5059 -0.1929 0.475, -1.309 -0.0591 0.4213, -1.309 0.1732 0.4213, -1.25 -0.0591 0.4213, -1.25 0.1732 0.4213, -1.25 -0.2126 0.4409, -1.25 -0.2126 0.4213, -1.25 -0.2113 0.4511, -1.25 0.1339 0.4803, -1.25 0.1732 0.4409, -1.25 -0.1834 0.479, -1.25 -0.1929 0.475, -1.25 -0.1732 0.4803, -1.25 -0.2011 0.4688, -1.25 -0.2073 0.4606, -1.25 0.168 0.4606, -1.25 0.1617 0.4688, -1.25 0.1535 0.475, -1.25 0.1719 0.4511, -1.25 0.1441 0.479, -1.309 0.1732 0.4409, -1.309 0.1719 0.4511, -1.309 0.1339 0.4803, -1.309 -0.1732 0.4803, -1.309 -0.1834 0.479, -1.309 0.1535 0.475, -1.309 0.1617 0.4688, -1.309 0.168 0.4606, -1.309 -0.2126 0.4213, -1.309 -0.2126 0.4409, -1.309 -0.2113 0.4511, -1.309 -0.2073 0.4606, -1.309 0.1441 0.479, -1.309 -0.2011 0.4688, -1.309 -0.1929 0.475, -1.1122 -0.0591 0.4213, -1.1122 0.1732 0.4213, -1.0531 -0.0591 0.4213, -1.0531 0.1732 0.4213, -1.0531 -0.2126 0.4409, -1.0531 -0.2126 0.4213, -1.0531 -0.2113 0.4511, -1.0531 0.1339 0.4803, -1.0531 0.1732 0.4409, -1.0531 -0.1834 0.479, -1.0531 -0.1929 0.475, -1.0531 -0.1732 0.4803, -1.0531 -0.2011 0.4688, -1.0531 -0.2073 0.4606, -1.0531 0.168 0.4606, -1.0531 0.1617 0.4688, -1.0531 0.1535 0.475, -1.0531 0.1719 0.4511, -1.0531 0.1441 0.479, -1.1122 0.1732 0.4409, -1.1122 0.1719 0.4511, -1.1122 0.1339 0.4803, -1.1122 -0.1732 0.4803, -1.1122 -0.1834 0.479, -1.1122 0.1535 0.475, -1.1122 0.1617 0.4688, -1.1122 0.168 0.4606, -1.1122 -0.2126 0.4213, -1.1122 -0.2126 0.4409, -1.1122 -0.2113 0.4511, -1.1122 -0.2073 0.4606, -1.1122 0.1441 0.479, -1.1122 -0.2011 0.4688, -1.1122 -0.1929 0.475, -0.9153 -0.0591 0.4213, -0.9153 0.1732 0.4213, -0.8563 -0.0591 0.4213, -0.8563 0.1732 0.4213, -0.8563 -0.2126 0.4409, -0.8563 -0.2126 0.4213, -0.8563 -0.2113 0.4511, -0.8563 0.1339 0.4803, -0.8563 0.1732 0.4409, -0.8563 -0.1834 0.479, -0.8563 -0.1929 0.475, -0.8563 -0.1732 0.4803, -0.8563 -0.2011 0.4688, -0.8563 -0.2073 0.4606, -0.8563 0.168 0.4606, -0.8563 0.1617 0.4688, -0.8563 0.1535 0.475, -0.8563 0.1719 0.4511, -0.8563 0.1441 0.479, -0.9153 0.1732 0.4409, -0.9153 0.1719 0.4511, -0.9153 0.1339 0.4803, -0.9153 -0.1732 0.4803, -0.9153 -0.1834 0.479, -0.9153 0.1535 0.475, -0.9153 0.1617 0.4688, -0.9153 0.168 0.4606, -0.9153 -0.2126 0.4213, -0.9153 -0.2126 0.4409, -0.9153 -0.2113 0.4511, -0.9153 -0.2073 0.4606, -0.9153 0.1441 0.479, -0.9153 -0.2011 0.4688, -0.9153 -0.1929 0.475, -0.7185 -0.0591 0.4213, -0.7185 0.1732 0.4213, -0.6594 -0.0591 0.4213, -0.6594 0.1732 0.4213, -0.6594 -0.2126 0.4409, -0.6594 -0.2126 0.4213, -0.6594 -0.2113 0.4511, -0.6594 0.1339 0.4803, -0.6594 -0.1732 0.4803, -0.6594 -0.1834 0.479, -0.6594 -0.1929 0.475, -0.6594 -0.2011 0.4688, -0.6594 -0.2073 0.4606, -0.6594 0.1732 0.4409, -0.6594 0.1719 0.4511, -0.6594 0.168 0.4606, -0.6594 0.1617 0.4688, -0.6594 0.1441 0.479, -0.6594 0.1535 0.475, -0.7185 0.1732 0.4409, -0.7185 0.1339 0.4803, -0.7185 -0.1732 0.4803, -0.7185 -0.1834 0.479, -0.7185 0.168 0.4606, -0.7185 0.1719 0.4511, -0.7185 -0.2126 0.4213, -0.7185 -0.2126 0.4409, -0.7185 -0.2113 0.4511, -0.7185 -0.2073 0.4606, -0.7185 0.1617 0.4688, -0.7185 0.1441 0.479, -0.7185 0.1535 0.475, -0.7185 -0.2011 0.4688, -0.7185 -0.1929 0.475, -0.5216 -0.0591 0.4213, -0.5216 0.1732 0.4213, -0.4626 -0.0591 0.4213, -0.4626 0.1732 0.4213, -0.4626 -0.2126 0.4409, -0.4626 -0.2126 0.4213, -0.4626 -0.2113 0.4511, -0.4626 0.1339 0.4803, -0.4626 -0.1732 0.4803, -0.4626 -0.1834 0.479, -0.4626 -0.1929 0.475, -0.4626 -0.2011 0.4688, -0.4626 -0.2073 0.4606, -0.4626 0.1732 0.4409, -0.4626 0.1719 0.4511, -0.4626 0.168 0.4606, -0.4626 0.1617 0.4688, -0.4626 0.1441 0.479, -0.4626 0.1535 0.475, -0.5216 0.1732 0.4409, -0.5216 0.1339 0.4803, -0.5216 -0.1732 0.4803, -0.5216 -0.1834 0.479, -0.5216 0.168 0.4606, -0.5216 0.1719 0.4511, -0.5216 -0.2126 0.4213, -0.5216 -0.2126 0.4409, -0.5216 -0.2113 0.4511, -0.5216 -0.2073 0.4606, -0.5216 0.1617 0.4688, -0.5216 0.1441 0.479, -0.5216 0.1535 0.475, -0.5216 -0.2011 0.4688, -0.5216 -0.1929 0.475, -0.3248 -0.0591 0.4213, -0.3248 0.1732 0.4213, -0.2657 -0.0591 0.4213, -0.2657 0.1732 0.4213, -0.2657 -0.2126 0.4409, -0.2657 -0.2126 0.4213, -0.2657 -0.2113 0.4511, -0.2657 0.1339 0.4803, -0.2657 -0.1732 0.4803, -0.2657 -0.1834 0.479, -0.2657 -0.1929 0.475, -0.2657 -0.2011 0.4688, -0.2657 -0.2073 0.4606, -0.2657 0.1732 0.4409, -0.2657 0.1719 0.4511, -0.2657 0.168 0.4606, -0.2657 0.1617 0.4688, -0.2657 0.1441 0.479, -0.2657 0.1535 0.475, -0.3248 0.1732 0.4409, -0.3248 0.1339 0.4803, -0.3248 -0.1732 0.4803, -0.3248 -0.1834 0.479, -0.3248 0.168 0.4606, -0.3248 0.1719 0.4511, -0.3248 -0.2126 0.4213, -0.3248 -0.2126 0.4409, -0.3248 -0.2113 0.4511, -0.3248 -0.2073 0.4606, -0.3248 0.1617 0.4688, -0.3248 0.1441 0.479, -0.3248 0.1535 0.475, -0.3248 -0.2011 0.4688, -0.3248 -0.1929 0.475, -0.1279 -0.0591 0.4213, -0.1279 0.1732 0.4213, -0.0689 -0.0591 0.4213, -0.0689 0.1732 0.4213, -0.0689 -0.2126 0.4409, -0.0689 -0.2126 0.4213, -0.0689 -0.2113 0.4511, -0.0689 0.1339 0.4803, -0.0689 -0.1732 0.4803, -0.0689 -0.1834 0.479, -0.0689 -0.1929 0.475, -0.0689 -0.2011 0.4688, -0.0689 -0.2073 0.4606, -0.0689 0.1732 0.4409, -0.0689 0.1719 0.4511, -0.0689 0.168 0.4606, -0.0689 0.1617 0.4688, -0.0689 0.1441 0.479, -0.0689 0.1535 0.475, -0.1279 0.1732 0.4409, -0.1279 0.1339 0.4803, -0.1279 -0.1732 0.4803, -0.1279 -0.1834 0.479, -0.1279 0.168 0.4606, -0.1279 0.1719 0.4511, -0.1279 -0.2126 0.4213, -0.1279 -0.2126 0.4409, -0.1279 -0.2113 0.4511, -0.1279 -0.2073 0.4606, -0.1279 0.1617 0.4688, -0.1279 0.1441 0.479, -0.1279 0.1535 0.475, -0.1279 -0.2011 0.4688, -0.1279 -0.1929 0.475, 0.0689 -0.0591 0.4213, 0.0689 0.1732 0.4213, 0.128 -0.0591 0.4213, 0.128 0.1732 0.4213, 0.128 -0.2126 0.4409, 0.128 -0.2126 0.4213, 0.128 -0.2113 0.4511, 0.128 0.1339 0.4803, 0.128 -0.1732 0.4803, 0.128 -0.1834 0.479, 0.128 -0.1929 0.475, 0.128 -0.2011 0.4688, 0.128 -0.2073 0.4606, 0.128 0.1732 0.4409, 0.128 0.1719 0.4511, 0.128 0.168 0.4606, 0.128 0.1617 0.4688, 0.128 0.1441 0.479, 0.128 0.1535 0.475, 0.0689 0.1732 0.4409, 0.0689 0.1339 0.4803, 0.0689 -0.1732 0.4803, 0.0689 -0.1834 0.479, 0.0689 0.168 0.4606, 0.0689 0.1719 0.4511, 0.0689 -0.2126 0.4213, 0.0689 -0.2126 0.4409, 0.0689 -0.2113 0.4511, 0.0689 -0.2073 0.4606, 0.0689 0.1617 0.4688, 0.0689 0.1441 0.479, 0.0689 0.1535 0.475, 0.0689 -0.2011 0.4688, 0.0689 -0.1929 0.475, 0.2658 -0.0591 0.4213, 0.2658 0.1732 0.4213, 0.3248 -0.0591 0.4213, 0.3248 0.1732 0.4213, 0.3248 -0.2126 0.4409, 0.3248 -0.2126 0.4213, 0.3248 -0.2113 0.4511, 0.3248 0.1339 0.4803, 0.3248 -0.1732 0.4803, 0.3248 -0.1834 0.479, 0.3248 -0.1929 0.475, 0.3248 -0.2011 0.4688, 0.3248 -0.2073 0.4606, 0.3248 0.1732 0.4409, 0.3248 0.1719 0.4511, 0.3248 0.168 0.4606, 0.3248 0.1617 0.4688, 0.3248 0.1441 0.479, 0.3248 0.1535 0.475, 0.2658 0.1732 0.4409, 0.2658 0.1339 0.4803, 0.2658 -0.1732 0.4803, 0.2658 -0.1834 0.479, 0.2658 0.168 0.4606, 0.2658 0.1719 0.4511, 0.2658 -0.2126 0.4213, 0.2658 -0.2126 0.4409, 0.2658 -0.2113 0.4511, 0.2658 -0.2073 0.4606, 0.2658 0.1617 0.4688, 0.2658 0.1441 0.479, 0.2658 0.1535 0.475, 0.2658 -0.2011 0.4688, 0.2658 -0.1929 0.475, 0.4626 -0.0591 0.4213, 0.4626 0.1732 0.4213, 0.5217 -0.0591 0.4213, 0.5217 0.1732 0.4213, 0.5217 -0.2126 0.4409, 0.5217 -0.2126 0.4213, 0.5217 -0.2113 0.4511, 0.5217 0.1339 0.4803, 0.5217 -0.1732 0.4803, 0.5217 -0.1834 0.479, 0.5217 -0.1929 0.475, 0.5217 -0.2011 0.4688, 0.5217 -0.2073 0.4606, 0.5217 0.1732 0.4409, 0.5217 0.1719 0.4511, 0.5217 0.168 0.4606, 0.5217 0.1617 0.4688, 0.5217 0.1441 0.479, 0.5217 0.1535 0.475, 0.4626 0.1732 0.4409, 0.4626 0.1339 0.4803, 0.4626 -0.1732 0.4803, 0.4626 -0.1834 0.479, 0.4626 0.168 0.4606, 0.4626 0.1719 0.4511, 0.4626 -0.2126 0.4213, 0.4626 -0.2126 0.4409, 0.4626 -0.2113 0.4511, 0.4626 -0.2073 0.4606, 0.4626 0.1617 0.4688, 0.4626 0.1441 0.479, 0.4626 0.1535 0.475, 0.4626 -0.2011 0.4688, 0.4626 -0.1929 0.475, 0.6595 -0.0591 0.4213, 0.6595 0.1732 0.4213, 0.7185 -0.0591 0.4213, 0.7185 0.1732 0.4213, 0.7185 -0.2126 0.4409, 0.7185 -0.2126 0.4213, 0.7185 -0.2113 0.4511, 0.7185 0.1339 0.4803, 0.7185 -0.1732 0.4803, 0.7185 -0.1834 0.479, 0.7185 -0.1929 0.475, 0.7185 -0.2011 0.4688, 0.7185 -0.2073 0.4606, 0.7185 0.1732 0.4409, 0.7185 0.1719 0.4511, 0.7185 0.168 0.4606, 0.7185 0.1617 0.4688, 0.7185 0.1441 0.479, 0.7185 0.1535 0.475, 0.6595 0.1732 0.4409, 0.6595 0.1339 0.4803, 0.6595 -0.1732 0.4803, 0.6595 -0.1834 0.479, 0.6595 0.168 0.4606, 0.6595 0.1719 0.4511, 0.6595 -0.2126 0.4213, 0.6595 -0.2126 0.4409, 0.6595 -0.2113 0.4511, 0.6595 -0.2073 0.4606, 0.6595 0.1617 0.4688, 0.6595 0.1441 0.479, 0.6595 0.1535 0.475, 0.6595 -0.2011 0.4688, 0.6595 -0.1929 0.475, 0.8563 -0.0591 0.4213, 0.8563 0.1732 0.4213, 0.9154 -0.0591 0.4213, 0.9154 0.1732 0.4213, 0.9154 -0.2126 0.4409, 0.9154 -0.2126 0.4213, 0.9154 -0.2113 0.4511, 0.9154 0.1339 0.4803, 0.9154 -0.1732 0.4803, 0.9154 -0.1834 0.479, 0.9154 -0.1929 0.475, 0.9154 -0.2011 0.4688, 0.9154 -0.2073 0.4606, 0.9154 0.1732 0.4409, 0.9154 0.1719 0.4511, 0.9154 0.168 0.4606, 0.9154 0.1617 0.4688, 0.9154 0.1441 0.479, 0.9154 0.1535 0.475, 0.8563 0.1732 0.4409, 0.8563 0.1339 0.4803, 0.8563 -0.1732 0.4803, 0.8563 -0.1834 0.479, 0.8563 0.168 0.4606, 0.8563 0.1719 0.4511, 0.8563 -0.2126 0.4213, 0.8563 -0.2126 0.4409, 0.8563 -0.2113 0.4511, 0.8563 -0.2073 0.4606, 0.8563 0.1617 0.4688, 0.8563 0.1441 0.479, 0.8563 0.1535 0.475, 0.8563 -0.2011 0.4688, 0.8563 -0.1929 0.475, 1.0532 -0.0591 0.4213, 1.0532 0.1732 0.4213, 1.1122 -0.0591 0.4213, 1.1122 0.1732 0.4213, 1.1122 -0.2126 0.4409, 1.1122 -0.2126 0.4213, 1.1122 -0.2113 0.4511, 1.1122 0.1339 0.4803, 1.1122 -0.1732 0.4803, 1.1122 -0.1834 0.479, 1.1122 -0.1929 0.475, 1.1122 -0.2011 0.4688, 1.1122 -0.2073 0.4606, 1.1122 0.1732 0.4409, 1.1122 0.1719 0.4511, 1.1122 0.168 0.4606, 1.1122 0.1617 0.4688, 1.1122 0.1441 0.479, 1.1122 0.1535 0.475, 1.0532 0.1732 0.4409, 1.0532 0.1339 0.4803, 1.0532 -0.1732 0.4803, 1.0532 -0.1834 0.479, 1.0532 0.168 0.4606, 1.0532 0.1719 0.4511, 1.0532 -0.2126 0.4213, 1.0532 -0.2126 0.4409, 1.0532 -0.2113 0.4511, 1.0532 -0.2073 0.4606, 1.0532 0.1617 0.4688, 1.0532 0.1441 0.479, 1.0532 0.1535 0.475, 1.0532 -0.2011 0.4688, 1.0532 -0.1929 0.475, 1.25 -0.0591 0.4213, 1.25 0.1732 0.4213, 1.3091 -0.0591 0.4213, 1.3091 0.1732 0.4213, 1.3091 -0.2126 0.4409, 1.3091 -0.2126 0.4213, 1.3091 -0.2113 0.4511, 1.3091 0.1339 0.4803, 1.3091 -0.1732 0.4803, 1.3091 -0.1834 0.479, 1.3091 -0.1929 0.475, 1.3091 -0.2011 0.4688, 1.3091 -0.2073 0.4606, 1.3091 0.1732 0.4409, 1.3091 0.1719 0.4511, 1.3091 0.168 0.4606, 1.3091 0.1617 0.4688, 1.3091 0.1441 0.479, 1.3091 0.1535 0.475, 1.25 0.1732 0.4409, 1.25 0.1339 0.4803, 1.25 -0.1732 0.4803, 1.25 -0.1834 0.479, 1.25 0.168 0.4606, 1.25 0.1719 0.4511, 1.25 -0.2126 0.4213, 1.25 -0.2126 0.4409, 1.25 -0.2113 0.4511, 1.25 -0.2073 0.4606, 1.25 0.1617 0.4688, 1.25 0.1441 0.479, 1.25 0.1535 0.475, 1.25 -0.2011 0.4688, 1.25 -0.1929 0.475, 1.4469 -0.0591 0.4213, 1.4469 0.1732 0.4213, 1.5059 -0.0591 0.4213, 1.5059 0.1732 0.4213, 1.5059 -0.2126 0.4409, 1.5059 -0.2126 0.4213, 1.5059 -0.2113 0.4511, 1.5059 0.1339 0.4803, 1.5059 -0.1732 0.4803, 1.5059 -0.1834 0.479, 1.5059 -0.1929 0.475, 1.5059 -0.2011 0.4688, 1.5059 -0.2073 0.4606, 1.5059 0.1732 0.4409, 1.5059 0.1719 0.4511, 1.5059 0.168 0.4606, 1.5059 0.1617 0.4688, 1.5059 0.1441 0.479, 1.5059 0.1535 0.475, 1.4469 0.1732 0.4409, 1.4469 0.1339 0.4803, 1.4469 -0.1732 0.4803, 1.4469 -0.1834 0.479, 1.4469 0.168 0.4606, 1.4469 0.1719 0.4511, 1.4469 -0.2126 0.4213, 1.4469 -0.2126 0.4409, 1.4469 -0.2113 0.4511, 1.4469 -0.2073 0.4606, 1.4469 0.1617 0.4688, 1.4469 0.1441 0.479, 1.4469 0.1535 0.475, 1.4469 -0.2011 0.4688, 1.4469 -0.1929 0.475, 1.6437 -0.0591 0.4213, 1.6437 0.1732 0.4213, 1.7028 -0.0591 0.4213, 1.7028 0.1732 0.4213, 1.7028 -0.2126 0.4409, 1.7028 -0.2126 0.4213, 1.7028 -0.2113 0.4511, 1.7028 0.1339 0.4803, 1.7028 -0.1732 0.4803, 1.7028 -0.1834 0.479, 1.7028 -0.1929 0.475, 1.7028 -0.2011 0.4688, 1.7028 -0.2073 0.4606, 1.7028 0.1732 0.4409, 1.7028 0.1719 0.4511, 1.7028 0.168 0.4606, 1.7028 0.1617 0.4688, 1.7028 0.1441 0.479, 1.7028 0.1535 0.475, 1.6437 0.1732 0.4409, 1.6437 0.1339 0.4803, 1.6437 -0.1732 0.4803, 1.6437 -0.1834 0.479, 1.6437 0.168 0.4606, 1.6437 0.1719 0.4511, 1.6437 -0.2126 0.4213, 1.6437 -0.2126 0.4409, 1.6437 -0.2113 0.4511, 1.6437 -0.2073 0.4606, 1.6437 0.1617 0.4688, 1.6437 0.1441 0.479, 1.6437 0.1535 0.475, 1.6437 -0.2011 0.4688, 1.6437 -0.1929 0.475, 1.8406 -0.0591 0.4213, 1.8406 0.1732 0.4213, 1.8996 -0.0591 0.4213, 1.8996 0.1732 0.4213, 1.8996 -0.2126 0.4409, 1.8996 -0.2126 0.4213, 1.8996 -0.2113 0.4511, 1.8996 0.1339 0.4803, 1.8996 -0.1732 0.4803, 1.8996 -0.1834 0.479, 1.8996 -0.1929 0.475, 1.8996 -0.2011 0.4688, 1.8996 -0.2073 0.4606, 1.8996 0.1732 0.4409, 1.8996 0.1719 0.4511, 1.8996 0.168 0.4606, 1.8996 0.1617 0.4688, 1.8996 0.1441 0.479, 1.8996 0.1535 0.475, 1.8406 0.1732 0.4409, 1.8406 0.1339 0.4803, 1.8406 -0.1732 0.4803, 1.8406 -0.1834 0.479, 1.8406 0.168 0.4606, 1.8406 0.1719 0.4511, 1.8406 -0.2126 0.4213, 1.8406 -0.2126 0.4409, 1.8406 -0.2113 0.4511, 1.8406 -0.2073 0.4606, 1.8406 0.1617 0.4688, 1.8406 0.1441 0.479, 1.8406 0.1535 0.475, 1.8406 -0.2011 0.4688, 1.8406 -0.1929 0.475, 2.0374 -0.0591 0.4213, 2.0374 0.1732 0.4213, 2.0965 -0.0591 0.4213, 2.0965 0.1732 0.4213, 2.0965 -0.2126 0.4409, 2.0965 -0.2126 0.4213, 2.0965 -0.2113 0.4511, 2.0965 0.1339 0.4803, 2.0965 -0.1732 0.4803, 2.0965 -0.1834 0.479, 2.0965 -0.1929 0.475, 2.0965 -0.2011 0.4688, 2.0965 -0.2073 0.4606, 2.0965 0.1732 0.4409, 2.0965 0.1719 0.4511, 2.0965 0.168 0.4606, 2.0965 0.1617 0.4688, 2.0965 0.1441 0.479, 2.0965 0.1535 0.475, 2.0374 0.1732 0.4409, 2.0374 0.1339 0.4803, 2.0374 -0.1732 0.4803, 2.0374 -0.1834 0.479, 2.0374 0.168 0.4606, 2.0374 0.1719 0.4511, 2.0374 -0.2126 0.4213, 2.0374 -0.2126 0.4409, 2.0374 -0.2113 0.4511, 2.0374 -0.2073 0.4606, 2.0374 0.1617 0.4688, 2.0374 0.1441 0.479, 2.0374 0.1535 0.475, 2.0374 -0.2011 0.4688, 2.0374 -0.1929 0.475, 2.2343 -0.0591 0.4213, 2.2343 0.1732 0.4213, 2.2933 -0.0591 0.4213, 2.2933 0.1732 0.4213, 2.2933 -0.2126 0.4409, 2.2933 -0.2126 0.4213, 2.2933 -0.2113 0.4511, 2.2933 0.1339 0.4803, 2.2933 -0.1732 0.4803, 2.2933 -0.1834 0.479, 2.2933 -0.1929 0.475, 2.2933 -0.2011 0.4688, 2.2933 -0.2073 0.4606, 2.2933 0.1732 0.4409, 2.2933 0.1719 0.4511, 2.2933 0.168 0.4606, 2.2933 0.1617 0.4688, 2.2933 0.1441 0.479, 2.2933 0.1535 0.475, 2.2343 0.1732 0.4409, 2.2343 0.1339 0.4803, 2.2343 -0.1732 0.4803, 2.2343 -0.1834 0.479, 2.2343 0.168 0.4606, 2.2343 0.1719 0.4511, 2.2343 -0.2126 0.4213, 2.2343 -0.2126 0.4409, 2.2343 -0.2113 0.4511, 2.2343 -0.2073 0.4606, 2.2343 0.1617 0.4688, 2.2343 0.1441 0.479, 2.2343 0.1535 0.475, 2.2343 -0.2011 0.4688, 2.2343 -0.1929 0.475, -2.0374 -0.5709 0.185, -2.0374 -0.0984 0.185, -2.0964 -0.5709 0.185, -2.0964 -0.0984 0.185, -2.0964 -0.0984 0.1457, -2.0964 -0.6102 0.1457, -2.0964 -0.6089 0.1559, -2.0964 -0.605 0.1654, -2.0964 -0.5987 0.1735, -2.0964 -0.5905 0.1798, -2.0964 -0.5811 0.1837, -2.0374 -0.0984 0.1457, -2.0374 -0.6102 0.1457, -2.0374 -0.6089 0.1559, -2.0374 -0.5905 0.1798, -2.0374 -0.5987 0.1735, -2.0374 -0.605 0.1654, -2.0374 -0.5811 0.1837, -2.0964 -0.0984 0.3425, -2.0964 -0.0984 0.3031, -2.0964 -0.6102 0.3425, -2.0964 -0.5709 0.3031, -2.0964 -0.5905 0.3084, -2.0964 -0.5987 0.3147, -2.0964 -0.605 0.3228, -2.0964 -0.5811 0.3045, -2.0964 -0.6089 0.3323, -2.0374 -0.5709 0.3031, -2.0374 -0.0984 0.3031, -2.0374 -0.605 0.3228, -2.0374 -0.5987 0.3147, -2.0374 -0.5905 0.3084, -2.0374 -0.0984 0.3425, -2.0374 -0.6102 0.3425, -2.0374 -0.5811 0.3045, -2.0374 -0.6089 0.3323, -1.8405 -0.5709 0.185, -1.8405 -0.0984 0.185, -1.8996 -0.5709 0.185, -1.8996 -0.0984 0.185, -1.8996 -0.0984 0.1457, -1.8996 -0.6102 0.1457, -1.8996 -0.6089 0.1559, -1.8996 -0.605 0.1654, -1.8996 -0.5987 0.1735, -1.8996 -0.5905 0.1798, -1.8996 -0.5811 0.1837, -1.8405 -0.0984 0.1457, -1.8405 -0.6102 0.1457, -1.8405 -0.6089 0.1559, -1.8405 -0.5905 0.1798, -1.8405 -0.5987 0.1735, -1.8405 -0.605 0.1654, -1.8405 -0.5811 0.1837, -1.8996 -0.0984 0.3425, -1.8996 -0.0984 0.3031, -1.8996 -0.6102 0.3425, -1.8996 -0.5709 0.3031, -1.8996 -0.5905 0.3084, -1.8996 -0.5987 0.3147, -1.8996 -0.605 0.3228, -1.8996 -0.5811 0.3045, -1.8996 -0.6089 0.3323, -1.8405 -0.5709 0.3031, -1.8405 -0.0984 0.3031, -1.8405 -0.605 0.3228, -1.8405 -0.5987 0.3147, -1.8405 -0.5905 0.3084, -1.8405 -0.0984 0.3425, -1.8405 -0.6102 0.3425, -1.8405 -0.5811 0.3045, -1.8405 -0.6089 0.3323, -1.6437 -0.5709 0.185, -1.6437 -0.0984 0.185, -1.7027 -0.5709 0.185, -1.7027 -0.0984 0.185, -1.7027 -0.0984 0.1457, -1.7027 -0.6102 0.1457, -1.7027 -0.6089 0.1559, -1.7027 -0.605 0.1654, -1.7027 -0.5987 0.1735, -1.7027 -0.5905 0.1798, -1.7027 -0.5811 0.1837, -1.6437 -0.0984 0.1457, -1.6437 -0.6102 0.1457, -1.6437 -0.6089 0.1559, -1.6437 -0.5905 0.1798, -1.6437 -0.5987 0.1735, -1.6437 -0.605 0.1654, -1.6437 -0.5811 0.1837, -1.7027 -0.0984 0.3425, -1.7027 -0.0984 0.3031, -1.7027 -0.6102 0.3425, -1.7027 -0.5709 0.3031, -1.7027 -0.5905 0.3084, -1.7027 -0.5987 0.3147, -1.7027 -0.605 0.3228, -1.7027 -0.5811 0.3045, -1.7027 -0.6089 0.3323, -1.6437 -0.5709 0.3031, -1.6437 -0.0984 0.3031, -1.6437 -0.605 0.3228, -1.6437 -0.5987 0.3147, -1.6437 -0.5905 0.3084, -1.6437 -0.0984 0.3425, -1.6437 -0.6102 0.3425, -1.6437 -0.5811 0.3045, -1.6437 -0.6089 0.3323, -1.4468 -0.5709 0.185, -1.4468 -0.0984 0.185, -1.5059 -0.5709 0.185, -1.5059 -0.0984 0.185, -1.5059 -0.0984 0.1457, -1.5059 -0.6102 0.1457, -1.5059 -0.6089 0.1559, -1.5059 -0.605 0.1654, -1.5059 -0.5987 0.1735, -1.5059 -0.5905 0.1798, -1.5059 -0.5811 0.1837, -1.4468 -0.0984 0.1457, -1.4468 -0.6102 0.1457, -1.4468 -0.6089 0.1559, -1.4468 -0.5905 0.1798, -1.4468 -0.5987 0.1735, -1.4468 -0.605 0.1654, -1.4468 -0.5811 0.1837, -1.5059 -0.0984 0.3425, -1.5059 -0.0984 0.3031, -1.5059 -0.6102 0.3425, -1.5059 -0.5709 0.3031, -1.5059 -0.5905 0.3084, -1.5059 -0.5987 0.3147, -1.5059 -0.605 0.3228, -1.5059 -0.5811 0.3045, -1.5059 -0.6089 0.3323, -1.4468 -0.5709 0.3031, -1.4468 -0.0984 0.3031, -1.4468 -0.605 0.3228, -1.4468 -0.5987 0.3147, -1.4468 -0.5905 0.3084, -1.4468 -0.0984 0.3425, -1.4468 -0.6102 0.3425, -1.4468 -0.5811 0.3045, -1.4468 -0.6089 0.3323, -1.25 -0.5709 0.185, -1.25 -0.0984 0.185, -1.309 -0.5709 0.185, -1.309 -0.0984 0.185, -1.309 -0.0984 0.1457, -1.309 -0.6102 0.1457, -1.309 -0.6089 0.1559, -1.309 -0.605 0.1654, -1.309 -0.5987 0.1735, -1.309 -0.5905 0.1798, -1.309 -0.5811 0.1837, -1.25 -0.0984 0.1457, -1.25 -0.6102 0.1457, -1.25 -0.6089 0.1559, -1.25 -0.5905 0.1798, -1.25 -0.5987 0.1735, -1.25 -0.605 0.1654, -1.25 -0.5811 0.1837, -1.309 -0.0984 0.3425, -1.309 -0.0984 0.3031, -1.309 -0.6102 0.3425, -1.309 -0.5709 0.3031, -1.309 -0.5905 0.3084, -1.309 -0.5987 0.3147, -1.309 -0.605 0.3228, -1.309 -0.5811 0.3045, -1.309 -0.6089 0.3323, -1.25 -0.5709 0.3031, -1.25 -0.0984 0.3031, -1.25 -0.605 0.3228, -1.25 -0.5987 0.3147, -1.25 -0.5905 0.3084, -1.25 -0.0984 0.3425, -1.25 -0.6102 0.3425, -1.25 -0.5811 0.3045, -1.25 -0.6089 0.3323, -1.0531 -0.5709 0.185, -1.0531 -0.0984 0.185, -1.1122 -0.5709 0.185, -1.1122 -0.0984 0.185, -1.1122 -0.0984 0.1457, -1.1122 -0.6102 0.1457, -1.1122 -0.6089 0.1559, -1.1122 -0.605 0.1654, -1.1122 -0.5987 0.1735, -1.1122 -0.5905 0.1798, -1.1122 -0.5811 0.1837, -1.0531 -0.0984 0.1457, -1.0531 -0.6102 0.1457, -1.0531 -0.6089 0.1559, -1.0531 -0.5905 0.1798, -1.0531 -0.5987 0.1735, -1.0531 -0.605 0.1654, -1.0531 -0.5811 0.1837, -1.1122 -0.0984 0.3425, -1.1122 -0.0984 0.3031, -1.1122 -0.6102 0.3425, -1.1122 -0.5709 0.3031, -1.1122 -0.5905 0.3084, -1.1122 -0.5987 0.3147, -1.1122 -0.605 0.3228, -1.1122 -0.5811 0.3045, -1.1122 -0.6089 0.3323, -1.0531 -0.5709 0.3031, -1.0531 -0.0984 0.3031, -1.0531 -0.605 0.3228, -1.0531 -0.5987 0.3147, -1.0531 -0.5905 0.3084, -1.0531 -0.0984 0.3425, -1.0531 -0.6102 0.3425, -1.0531 -0.5811 0.3045, -1.0531 -0.6089 0.3323, -0.8563 -0.5709 0.185, -0.8563 -0.0984 0.185, -0.9153 -0.5709 0.185, -0.9153 -0.0984 0.185, -0.9153 -0.0984 0.1457, -0.9153 -0.6102 0.1457, -0.9153 -0.6089 0.1559, -0.9153 -0.605 0.1654, -0.9153 -0.5987 0.1735, -0.9153 -0.5905 0.1798, -0.9153 -0.5811 0.1837, -0.8563 -0.0984 0.1457, -0.8563 -0.6102 0.1457, -0.8563 -0.6089 0.1559, -0.8563 -0.5905 0.1798, -0.8563 -0.5987 0.1735, -0.8563 -0.605 0.1654, -0.8563 -0.5811 0.1837, -0.9153 -0.0984 0.3425, -0.9153 -0.0984 0.3031, -0.9153 -0.6102 0.3425, -0.9153 -0.5709 0.3031, -0.9153 -0.5905 0.3084, -0.9153 -0.5987 0.3147, -0.9153 -0.605 0.3228, -0.9153 -0.5811 0.3045, -0.9153 -0.6089 0.3323, -0.8563 -0.5709 0.3031, -0.8563 -0.0984 0.3031, -0.8563 -0.605 0.3228, -0.8563 -0.5987 0.3147, -0.8563 -0.5905 0.3084, -0.8563 -0.0984 0.3425, -0.8563 -0.6102 0.3425, -0.8563 -0.5811 0.3045, -0.8563 -0.6089 0.3323, -0.6594 -0.5709 0.185, -0.6594 -0.0984 0.185, -0.7185 -0.5709 0.185, -0.7185 -0.0984 0.185, -0.7185 -0.0984 0.1457, -0.7185 -0.6102 0.1457, -0.7185 -0.6089 0.1559, -0.7185 -0.605 0.1654, -0.7185 -0.5987 0.1735, -0.7185 -0.5905 0.1798, -0.7185 -0.5811 0.1837, -0.6594 -0.0984 0.1457, -0.6594 -0.6102 0.1457, -0.6594 -0.6089 0.1559, -0.6594 -0.5905 0.1798, -0.6594 -0.5987 0.1735, -0.6594 -0.605 0.1654, -0.6594 -0.5811 0.1837, -0.7185 -0.0984 0.3425, -0.7185 -0.0984 0.3031, -0.7185 -0.6102 0.3425, -0.7185 -0.5709 0.3031, -0.7185 -0.5905 0.3084, -0.7185 -0.5987 0.3147, -0.7185 -0.605 0.3228, -0.7185 -0.5811 0.3045, -0.7185 -0.6089 0.3323, -0.6594 -0.5709 0.3031, -0.6594 -0.0984 0.3031, -0.6594 -0.605 0.3228, -0.6594 -0.5987 0.3147, -0.6594 -0.5905 0.3084, -0.6594 -0.0984 0.3425, -0.6594 -0.6102 0.3425, -0.6594 -0.5811 0.3045, -0.6594 -0.6089 0.3323, -0.4626 -0.5709 0.185, -0.4626 -0.0984 0.185, -0.5216 -0.5709 0.185, -0.5216 -0.0984 0.185, -0.5216 -0.0984 0.1457, -0.5216 -0.6102 0.1457, -0.5216 -0.6089 0.1559, -0.5216 -0.605 0.1654, -0.5216 -0.5987 0.1735, -0.5216 -0.5905 0.1798, -0.5216 -0.5811 0.1837, -0.4626 -0.0984 0.1457, -0.4626 -0.6102 0.1457, -0.4626 -0.6089 0.1559, -0.4626 -0.5905 0.1798, -0.4626 -0.5987 0.1735, -0.4626 -0.605 0.1654, -0.4626 -0.5811 0.1837, -0.5216 -0.0984 0.3425, -0.5216 -0.0984 0.3031, -0.5216 -0.6102 0.3425, -0.5216 -0.5709 0.3031, -0.5216 -0.5905 0.3084, -0.5216 -0.5987 0.3147, -0.5216 -0.605 0.3228, -0.5216 -0.5811 0.3045, -0.5216 -0.6089 0.3323, -0.4626 -0.5709 0.3031, -0.4626 -0.0984 0.3031, -0.4626 -0.605 0.3228, -0.4626 -0.5987 0.3147, -0.4626 -0.5905 0.3084, -0.4626 -0.0984 0.3425, -0.4626 -0.6102 0.3425, -0.4626 -0.5811 0.3045, -0.4626 -0.6089 0.3323, -0.2657 -0.5709 0.185, -0.2657 -0.0984 0.185, -0.3248 -0.5709 0.185, -0.3248 -0.0984 0.185, -0.3248 -0.0984 0.1457, -0.3248 -0.6102 0.1457, -0.3248 -0.6089 0.1559, -0.3248 -0.605 0.1654, -0.3248 -0.5987 0.1735, -0.3248 -0.5905 0.1798, -0.3248 -0.5811 0.1837, -0.2657 -0.0984 0.1457, -0.2657 -0.6102 0.1457, -0.2657 -0.6089 0.1559, -0.2657 -0.5905 0.1798, -0.2657 -0.5987 0.1735, -0.2657 -0.605 0.1654, -0.2657 -0.5811 0.1837, -0.3248 -0.0984 0.3425, -0.3248 -0.0984 0.3031, -0.3248 -0.6102 0.3425, -0.3248 -0.5709 0.3031, -0.3248 -0.5905 0.3084, -0.3248 -0.5987 0.3147, -0.3248 -0.605 0.3228, -0.3248 -0.5811 0.3045, -0.3248 -0.6089 0.3323, -0.2657 -0.5709 0.3031, -0.2657 -0.0984 0.3031, -0.2657 -0.605 0.3228, -0.2657 -0.5987 0.3147, -0.2657 -0.5905 0.3084, -0.2657 -0.0984 0.3425, -0.2657 -0.6102 0.3425, -0.2657 -0.5811 0.3045, -0.2657 -0.6089 0.3323, -0.0689 -0.5709 0.185, -0.0689 -0.0984 0.185, -0.1279 -0.5709 0.185, -0.1279 -0.0984 0.185, -0.1279 -0.0984 0.1457, -0.1279 -0.6102 0.1457, -0.1279 -0.6089 0.1559, -0.1279 -0.605 0.1654, -0.1279 -0.5987 0.1735, -0.1279 -0.5905 0.1798, -0.1279 -0.5811 0.1837, -0.0689 -0.0984 0.1457, -0.0689 -0.6102 0.1457, -0.0689 -0.6089 0.1559, -0.0689 -0.5905 0.1798, -0.0689 -0.5987 0.1735, -0.0689 -0.605 0.1654, -0.0689 -0.5811 0.1837, -0.1279 -0.0984 0.3425, -0.1279 -0.0984 0.3031, -0.1279 -0.6102 0.3425, -0.1279 -0.5709 0.3031, -0.1279 -0.5905 0.3084, -0.1279 -0.5987 0.3147, -0.1279 -0.605 0.3228, -0.1279 -0.5811 0.3045, -0.1279 -0.6089 0.3323, -0.0689 -0.5709 0.3031, -0.0689 -0.0984 0.3031, -0.0689 -0.605 0.3228, -0.0689 -0.5987 0.3147, -0.0689 -0.5905 0.3084, -0.0689 -0.0984 0.3425, -0.0689 -0.6102 0.3425, -0.0689 -0.5811 0.3045, -0.0689 -0.6089 0.3323, 0.128 -0.5709 0.185, 0.128 -0.0984 0.185, 0.0689 -0.5709 0.185, 0.0689 -0.0984 0.185, 0.0689 -0.0984 0.1457, 0.0689 -0.6102 0.1457, 0.0689 -0.6089 0.1559, 0.0689 -0.605 0.1654, 0.0689 -0.5987 0.1735, 0.0689 -0.5905 0.1798, 0.0689 -0.5811 0.1837, 0.128 -0.0984 0.1457, 0.128 -0.6102 0.1457, 0.128 -0.6089 0.1559, 0.128 -0.5905 0.1798, 0.128 -0.5987 0.1735, 0.128 -0.605 0.1654, 0.128 -0.5811 0.1837, 0.0689 -0.0984 0.3425, 0.0689 -0.0984 0.3031, 0.0689 -0.6102 0.3425, 0.0689 -0.5709 0.3031, 0.0689 -0.5905 0.3084, 0.0689 -0.5987 0.3147, 0.0689 -0.605 0.3228, 0.0689 -0.5811 0.3045, 0.0689 -0.6089 0.3323, 0.128 -0.5709 0.3031, 0.128 -0.0984 0.3031, 0.128 -0.605 0.3228, 0.128 -0.5987 0.3147, 0.128 -0.5905 0.3084, 0.128 -0.0984 0.3425, 0.128 -0.6102 0.3425, 0.128 -0.5811 0.3045, 0.128 -0.6089 0.3323, 0.3248 -0.5709 0.185, 0.3248 -0.0984 0.185, 0.2658 -0.5709 0.185, 0.2658 -0.0984 0.185, 0.2658 -0.0984 0.1457, 0.2658 -0.6102 0.1457, 0.2658 -0.6089 0.1559, 0.2658 -0.605 0.1654, 0.2658 -0.5987 0.1735, 0.2658 -0.5905 0.1798, 0.2658 -0.5811 0.1837, 0.3248 -0.0984 0.1457, 0.3248 -0.6102 0.1457, 0.3248 -0.6089 0.1559, 0.3248 -0.5905 0.1798, 0.3248 -0.5987 0.1735, 0.3248 -0.605 0.1654, 0.3248 -0.5811 0.1837, 0.2658 -0.0984 0.3425, 0.2658 -0.0984 0.3031, 0.2658 -0.6102 0.3425, 0.2658 -0.5709 0.3031, 0.2658 -0.5905 0.3084, 0.2658 -0.5987 0.3147, 0.2658 -0.605 0.3228, 0.2658 -0.5811 0.3045, 0.2658 -0.6089 0.3323, 0.3248 -0.5709 0.3031, 0.3248 -0.0984 0.3031, 0.3248 -0.605 0.3228, 0.3248 -0.5987 0.3147, 0.3248 -0.5905 0.3084, 0.3248 -0.0984 0.3425, 0.3248 -0.6102 0.3425, 0.3248 -0.5811 0.3045, 0.3248 -0.6089 0.3323, 0.5217 -0.5709 0.185, 0.5217 -0.0984 0.185, 0.4626 -0.5709 0.185, 0.4626 -0.0984 0.185, 0.4626 -0.0984 0.1457, 0.4626 -0.6102 0.1457, 0.4626 -0.6089 0.1559, 0.4626 -0.605 0.1654, 0.4626 -0.5987 0.1735, 0.4626 -0.5905 0.1798, 0.4626 -0.5811 0.1837, 0.5217 -0.0984 0.1457, 0.5217 -0.6102 0.1457, 0.5217 -0.6089 0.1559, 0.5217 -0.5905 0.1798, 0.5217 -0.5987 0.1735, 0.5217 -0.605 0.1654, 0.5217 -0.5811 0.1837, 0.4626 -0.0984 0.3425, 0.4626 -0.0984 0.3031, 0.4626 -0.6102 0.3425, 0.4626 -0.5709 0.3031, 0.4626 -0.5905 0.3084, 0.4626 -0.5987 0.3147, 0.4626 -0.605 0.3228, 0.4626 -0.5811 0.3045, 0.4626 -0.6089 0.3323, 0.5217 -0.5709 0.3031, 0.5217 -0.0984 0.3031, 0.5217 -0.605 0.3228, 0.5217 -0.5987 0.3147, 0.5217 -0.5905 0.3084, 0.5217 -0.0984 0.3425, 0.5217 -0.6102 0.3425, 0.5217 -0.5811 0.3045, 0.5217 -0.6089 0.3323, 0.7185 -0.5709 0.185, 0.7185 -0.0984 0.185, 0.6595 -0.5709 0.185, 0.6595 -0.0984 0.185, 0.6595 -0.0984 0.1457, 0.6595 -0.6102 0.1457, 0.6595 -0.6089 0.1559, 0.6595 -0.605 0.1654, 0.6595 -0.5987 0.1735, 0.6595 -0.5905 0.1798, 0.6595 -0.5811 0.1837, 0.7185 -0.0984 0.1457, 0.7185 -0.6102 0.1457, 0.7185 -0.6089 0.1559, 0.7185 -0.5905 0.1798, 0.7185 -0.5987 0.1735, 0.7185 -0.605 0.1654, 0.7185 -0.5811 0.1837, 0.6595 -0.0984 0.3425, 0.6595 -0.0984 0.3031, 0.6595 -0.6102 0.3425, 0.6595 -0.5709 0.3031, 0.6595 -0.5905 0.3084, 0.6595 -0.5987 0.3147, 0.6595 -0.605 0.3228, 0.6595 -0.5811 0.3045, 0.6595 -0.6089 0.3323, 0.7185 -0.5709 0.3031, 0.7185 -0.0984 0.3031, 0.7185 -0.605 0.3228, 0.7185 -0.5987 0.3147, 0.7185 -0.5905 0.3084, 0.7185 -0.0984 0.3425, 0.7185 -0.6102 0.3425, 0.7185 -0.5811 0.3045, 0.7185 -0.6089 0.3323, 0.9154 -0.5709 0.185, 0.9154 -0.0984 0.185, 0.8563 -0.5709 0.185, 0.8563 -0.0984 0.185, 0.8563 -0.0984 0.1457, 0.8563 -0.6102 0.1457, 0.8563 -0.6089 0.1559, 0.8563 -0.605 0.1654, 0.8563 -0.5987 0.1735, 0.8563 -0.5905 0.1798, 0.8563 -0.5811 0.1837, 0.9154 -0.0984 0.1457, 0.9154 -0.6102 0.1457, 0.9154 -0.6089 0.1559, 0.9154 -0.5905 0.1798, 0.9154 -0.5987 0.1735, 0.9154 -0.605 0.1654, 0.9154 -0.5811 0.1837, 0.8563 -0.0984 0.3425, 0.8563 -0.0984 0.3031, 0.8563 -0.6102 0.3425, 0.8563 -0.5709 0.3031, 0.8563 -0.5905 0.3084, 0.8563 -0.5987 0.3147, 0.8563 -0.605 0.3228, 0.8563 -0.5811 0.3045, 0.8563 -0.6089 0.3323, 0.9154 -0.5709 0.3031, 0.9154 -0.0984 0.3031, 0.9154 -0.605 0.3228, 0.9154 -0.5987 0.3147, 0.9154 -0.5905 0.3084, 0.9154 -0.0984 0.3425, 0.9154 -0.6102 0.3425, 0.9154 -0.5811 0.3045, 0.9154 -0.6089 0.3323, 1.1122 -0.5709 0.185, 1.1122 -0.0984 0.185, 1.0532 -0.5709 0.185, 1.0532 -0.0984 0.185, 1.0532 -0.0984 0.1457, 1.0532 -0.6102 0.1457, 1.0532 -0.6089 0.1559, 1.0532 -0.605 0.1654, 1.0532 -0.5987 0.1735, 1.0532 -0.5905 0.1798, 1.0532 -0.5811 0.1837, 1.1122 -0.0984 0.1457, 1.1122 -0.6102 0.1457, 1.1122 -0.6089 0.1559, 1.1122 -0.5905 0.1798, 1.1122 -0.5987 0.1735, 1.1122 -0.605 0.1654, 1.1122 -0.5811 0.1837, 1.0532 -0.0984 0.3425, 1.0532 -0.0984 0.3031, 1.0532 -0.6102 0.3425, 1.0532 -0.5709 0.3031, 1.0532 -0.5905 0.3084, 1.0532 -0.5987 0.3147, 1.0532 -0.605 0.3228, 1.0532 -0.5811 0.3045, 1.0532 -0.6089 0.3323, 1.1122 -0.5709 0.3031, 1.1122 -0.0984 0.3031, 1.1122 -0.605 0.3228, 1.1122 -0.5987 0.3147, 1.1122 -0.5905 0.3084, 1.1122 -0.0984 0.3425, 1.1122 -0.6102 0.3425, 1.1122 -0.5811 0.3045, 1.1122 -0.6089 0.3323, 1.3091 -0.5709 0.185, 1.3091 -0.0984 0.185, 1.25 -0.5709 0.185, 1.25 -0.0984 0.185, 1.25 -0.0984 0.1457, 1.25 -0.6102 0.1457, 1.25 -0.6089 0.1559, 1.25 -0.605 0.1654, 1.25 -0.5987 0.1735, 1.25 -0.5905 0.1798, 1.25 -0.5811 0.1837, 1.3091 -0.0984 0.1457, 1.3091 -0.6102 0.1457, 1.3091 -0.6089 0.1559, 1.3091 -0.5905 0.1798, 1.3091 -0.5987 0.1735, 1.3091 -0.605 0.1654, 1.3091 -0.5811 0.1837, 1.25 -0.0984 0.3425, 1.25 -0.0984 0.3031, 1.25 -0.6102 0.3425, 1.25 -0.5709 0.3031, 1.25 -0.5905 0.3084, 1.25 -0.5987 0.3147, 1.25 -0.605 0.3228, 1.25 -0.5811 0.3045, 1.25 -0.6089 0.3323, 1.3091 -0.5709 0.3031, 1.3091 -0.0984 0.3031, 1.3091 -0.605 0.3228, 1.3091 -0.5987 0.3147, 1.3091 -0.5905 0.3084, 1.3091 -0.0984 0.3425, 1.3091 -0.6102 0.3425, 1.3091 -0.5811 0.3045, 1.3091 -0.6089 0.3323, 1.5059 -0.5709 0.185, 1.5059 -0.0984 0.185, 1.4469 -0.5709 0.185, 1.4469 -0.0984 0.185, 1.4469 -0.0984 0.1457, 1.4469 -0.6102 0.1457, 1.4469 -0.6089 0.1559, 1.4469 -0.605 0.1654, 1.4469 -0.5987 0.1735, 1.4469 -0.5905 0.1798, 1.4469 -0.5811 0.1837, 1.5059 -0.0984 0.1457, 1.5059 -0.6102 0.1457, 1.5059 -0.6089 0.1559, 1.5059 -0.5905 0.1798, 1.5059 -0.5987 0.1735, 1.5059 -0.605 0.1654, 1.5059 -0.5811 0.1837, 1.4469 -0.0984 0.3425, 1.4469 -0.0984 0.3031, 1.4469 -0.6102 0.3425, 1.4469 -0.5709 0.3031, 1.4469 -0.5905 0.3084, 1.4469 -0.5987 0.3147, 1.4469 -0.605 0.3228, 1.4469 -0.5811 0.3045, 1.4469 -0.6089 0.3323, 1.5059 -0.5709 0.3031, 1.5059 -0.0984 0.3031, 1.5059 -0.605 0.3228, 1.5059 -0.5987 0.3147, 1.5059 -0.5905 0.3084, 1.5059 -0.0984 0.3425, 1.5059 -0.6102 0.3425, 1.5059 -0.5811 0.3045, 1.5059 -0.6089 0.3323, 1.7028 -0.5709 0.185, 1.7028 -0.0984 0.185, 1.6437 -0.5709 0.185, 1.6437 -0.0984 0.185, 1.6437 -0.0984 0.1457, 1.6437 -0.6102 0.1457, 1.6437 -0.6089 0.1559, 1.6437 -0.605 0.1654, 1.6437 -0.5987 0.1735, 1.6437 -0.5905 0.1798, 1.6437 -0.5811 0.1837, 1.7028 -0.0984 0.1457, 1.7028 -0.6102 0.1457, 1.7028 -0.6089 0.1559, 1.7028 -0.5905 0.1798, 1.7028 -0.5987 0.1735, 1.7028 -0.605 0.1654, 1.7028 -0.5811 0.1837, 1.6437 -0.0984 0.3425, 1.6437 -0.0984 0.3031, 1.6437 -0.6102 0.3425, 1.6437 -0.5709 0.3031, 1.6437 -0.5905 0.3084, 1.6437 -0.5987 0.3147, 1.6437 -0.605 0.3228, 1.6437 -0.5811 0.3045, 1.6437 -0.6089 0.3323, 1.7028 -0.5709 0.3031, 1.7028 -0.0984 0.3031, 1.7028 -0.605 0.3228, 1.7028 -0.5987 0.3147, 1.7028 -0.5905 0.3084, 1.7028 -0.0984 0.3425, 1.7028 -0.6102 0.3425, 1.7028 -0.5811 0.3045, 1.7028 -0.6089 0.3323, 1.8996 -0.5709 0.185, 1.8996 -0.0984 0.185, 1.8406 -0.5709 0.185, 1.8406 -0.0984 0.185, 1.8406 -0.0984 0.1457, 1.8406 -0.6102 0.1457, 1.8406 -0.6089 0.1559, 1.8406 -0.605 0.1654, 1.8406 -0.5987 0.1735, 1.8406 -0.5905 0.1798, 1.8406 -0.5811 0.1837, 1.8996 -0.0984 0.1457, 1.8996 -0.6102 0.1457, 1.8996 -0.6089 0.1559, 1.8996 -0.5905 0.1798, 1.8996 -0.5987 0.1735, 1.8996 -0.605 0.1654, 1.8996 -0.5811 0.1837, 1.8406 -0.0984 0.3425, 1.8406 -0.0984 0.3031, 1.8406 -0.6102 0.3425, 1.8406 -0.5709 0.3031, 1.8406 -0.5905 0.3084, 1.8406 -0.5987 0.3147, 1.8406 -0.605 0.3228, 1.8406 -0.5811 0.3045, 1.8406 -0.6089 0.3323, 1.8996 -0.5709 0.3031, 1.8996 -0.0984 0.3031, 1.8996 -0.605 0.3228, 1.8996 -0.5987 0.3147, 1.8996 -0.5905 0.3084, 1.8996 -0.0984 0.3425, 1.8996 -0.6102 0.3425, 1.8996 -0.5811 0.3045, 1.8996 -0.6089 0.3323, 2.0965 -0.5709 0.185, 2.0965 -0.0984 0.185, 2.0374 -0.5709 0.185, 2.0374 -0.0984 0.185, 2.0374 -0.0984 0.1457, 2.0374 -0.6102 0.1457, 2.0374 -0.6089 0.1559, 2.0374 -0.605 0.1654, 2.0374 -0.5987 0.1735, 2.0374 -0.5905 0.1798, 2.0374 -0.5811 0.1837, 2.0965 -0.0984 0.1457, 2.0965 -0.6102 0.1457, 2.0965 -0.6089 0.1559, 2.0965 -0.5905 0.1798, 2.0965 -0.5987 0.1735, 2.0965 -0.605 0.1654, 2.0965 -0.5811 0.1837, 2.0374 -0.0984 0.3425, 2.0374 -0.0984 0.3031, 2.0374 -0.6102 0.3425, 2.0374 -0.5709 0.3031, 2.0374 -0.5905 0.3084, 2.0374 -0.5987 0.3147, 2.0374 -0.605 0.3228, 2.0374 -0.5811 0.3045, 2.0374 -0.6089 0.3323, 2.0965 -0.5709 0.3031, 2.0965 -0.0984 0.3031, 2.0965 -0.605 0.3228, 2.0965 -0.5987 0.3147, 2.0965 -0.5905 0.3084, 2.0965 -0.0984 0.3425, 2.0965 -0.6102 0.3425, 2.0965 -0.5811 0.3045, 2.0965 -0.6089 0.3323, 2.2933 -0.5709 0.185, 2.2933 -0.0984 0.185, 2.2343 -0.5709 0.185, 2.2343 -0.0984 0.185, 2.2343 -0.0984 0.1457, 2.2343 -0.6102 0.1457, 2.2343 -0.6089 0.1559, 2.2343 -0.605 0.1654, 2.2343 -0.5987 0.1735, 2.2343 -0.5905 0.1798, 2.2343 -0.5811 0.1837, 2.2933 -0.0984 0.1457, 2.2933 -0.6102 0.1457, 2.2933 -0.6089 0.1559, 2.2933 -0.5905 0.1798, 2.2933 -0.5987 0.1735, 2.2933 -0.605 0.1654, 2.2933 -0.5811 0.1837, 2.2343 -0.0984 0.3425, 2.2343 -0.0984 0.3031, 2.2343 -0.6102 0.3425, 2.2343 -0.5709 0.3031, 2.2343 -0.5905 0.3084, 2.2343 -0.5987 0.3147, 2.2343 -0.605 0.3228, 2.2343 -0.5811 0.3045, 2.2343 -0.6089 0.3323, 2.2933 -0.5709 0.3031, 2.2933 -0.0984 0.3031, 2.2933 -0.605 0.3228, 2.2933 -0.5987 0.3147, 2.2933 -0.5905 0.3084, 2.2933 -0.0984 0.3425, 2.2933 -0.6102 0.3425, 2.2933 -0.5811 0.3045, 2.2933 -0.6089 0.3323
            ]
        }
        coordIndex [
            0,1,2,-1,2,1,3,-1,2,3,4,-1,4,3,5,-1,4,5,6,-1,6,5,7,-1,6,7,8,-1,8,7,9,-1,8,9,10,-1,10,9,11,-1,10,11,12,-1,12,11,13,-1,12,13,14,-1,14,13,15,-1,14,15,16,-1,16,15,17,-1,16,17,18,-1,18,17,19,-1,18,19,20,-1,20,19,21,-1,20,21,22,-1,22,21,23,-1,22,23,24,-1,24,23,25,-1,26,27,28,-1,28,27,29,-1,26,28,30,-1,26,30,31,-1,31,30,32,-1,31,32,33,-1,33,32,34,-1,33,34,35,-1,35,34,36,-1,35,36,37,-1,37,36,38,-1,37,38,39,-1,39,38,40,-1,39,40,41,-1,42,41,43,-1,43,41,40,-1,42,43,44,-1,42,44,45,-1,45,44,46,-1,45,46,47,-1,47,46,48,-1,47,48,49,-1,49,48,50,-1,49,50,51,-1,51,50,52,-1,51,52,53,-1,53,52,54,-1,53,54,55,-1,56,55,57,-1,57,55,54,-1,58,56,59,-1,59,56,57,-1,60,58,61,-1,61,58,59,-1,62,60,63,-1,63,60,61,-1,64,62,65,-1,65,62,63,-1,22,24,27,-1,55,56,42,-1,56,27,26,-1,60,62,66,-1,66,62,64,-1,33,35,37,-1,42,56,41,-1,41,56,26,-1,41,26,39,-1,49,42,47,-1,47,42,45,-1,60,4,6,-1,49,51,42,-1,42,51,53,-1,42,53,55,-1,4,60,2,-1,2,60,66,-1,2,66,0,-1,39,26,37,-1,37,26,31,-1,37,31,33,-1,6,8,60,-1,60,8,10,-1,60,10,58,-1,58,10,12,-1,58,12,56,-1,56,12,14,-1,14,16,56,-1,56,16,18,-1,56,18,27,-1,27,18,20,-1,27,20,22,-1,28,29,57,-1,46,44,43,-1,65,63,67,-1,67,63,61,-1,43,54,52,-1,40,28,43,-1,43,28,57,-1,43,57,54,-1,9,7,61,-1,61,7,5,-1,61,5,67,-1,67,5,3,-1,67,3,1,-1,52,50,43,-1,43,50,48,-1,43,48,46,-1,36,34,32,-1,25,23,29,-1,29,23,21,-1,29,21,57,-1,57,21,19,-1,19,17,57,-1,57,17,15,-1,57,15,59,-1,59,15,13,-1,59,13,61,-1,61,13,11,-1,61,11,9,-1,40,38,28,-1,28,38,36,-1,28,36,30,-1,30,36,32,-1,68,69,70,-1,70,69,71,-1,70,71,72,-1,72,71,73,-1,72,73,74,-1,74,73,75,-1,74,75,76,-1,76,75,77,-1,76,77,78,-1,78,77,79,-1,78,79,80,-1,80,79,81,-1,80,81,82,-1,82,81,83,-1,82,83,84,-1,84,83,85,-1,84,85,86,-1,86,85,87,-1,86,87,88,-1,88,87,89,-1,88,89,90,-1,90,89,91,-1,90,91,92,-1,92,91,93,-1,94,95,96,-1,96,95,97,-1,94,96,98,-1,94,98,99,-1,99,98,100,-1,99,100,101,-1,101,100,102,-1,101,102,103,-1,103,102,104,-1,103,104,105,-1,105,104,106,-1,105,106,107,-1,107,106,108,-1,107,108,109,-1,110,109,111,-1,111,109,108,-1,110,111,112,-1,110,112,113,-1,113,112,114,-1,113,114,115,-1,115,114,116,-1,115,116,117,-1,117,116,118,-1,117,118,119,-1,119,118,120,-1,119,120,121,-1,121,120,122,-1,121,122,123,-1,124,123,125,-1,125,123,122,-1,126,124,127,-1,127,124,125,-1,128,126,129,-1,129,126,127,-1,130,128,131,-1,131,128,129,-1,132,130,133,-1,133,130,131,-1,90,92,95,-1,123,124,110,-1,124,95,94,-1,128,130,134,-1,134,130,132,-1,101,103,105,-1,110,124,109,-1,109,124,94,-1,109,94,107,-1,117,110,115,-1,115,110,113,-1,128,72,74,-1,117,119,110,-1,110,119,121,-1,110,121,123,-1,72,128,70,-1,70,128,134,-1,70,134,68,-1,107,94,105,-1,105,94,99,-1,105,99,101,-1,74,76,128,-1,128,76,78,-1,128,78,126,-1,126,78,80,-1,126,80,124,-1,124,80,82,-1,82,84,124,-1,124,84,86,-1,124,86,95,-1,95,86,88,-1,95,88,90,-1,96,97,125,-1,114,112,111,-1,133,131,135,-1,135,131,129,-1,111,122,120,-1,108,96,111,-1,111,96,125,-1,111,125,122,-1,77,75,129,-1,129,75,73,-1,129,73,135,-1,135,73,71,-1,135,71,69,-1,120,118,111,-1,111,118,116,-1,111,116,114,-1,104,102,100,-1,93,91,97,-1,97,91,89,-1,97,89,125,-1,125,89,87,-1,87,85,125,-1,125,85,83,-1,125,83,127,-1,127,83,81,-1,127,81,129,-1,129,81,79,-1,129,79,77,-1,108,106,96,-1,96,106,104,-1,96,104,98,-1,98,104,100,-1,136,137,138,-1,138,137,139,-1,138,139,140,-1,140,139,141,-1,140,141,142,-1,142,141,143,-1,142,143,144,-1,144,143,145,-1,144,145,146,-1,146,145,147,-1,146,147,148,-1,148,147,149,-1,148,149,150,-1,150,149,151,-1,150,151,152,-1,152,151,153,-1,152,153,154,-1,154,153,155,-1,154,155,156,-1,156,155,157,-1,156,157,158,-1,158,157,159,-1,158,159,160,-1,160,159,161,-1,162,163,164,-1,164,163,165,-1,162,164,166,-1,162,166,167,-1,167,166,168,-1,167,168,169,-1,169,168,170,-1,169,170,171,-1,171,170,172,-1,171,172,173,-1,173,172,174,-1,173,174,175,-1,175,174,176,-1,175,176,177,-1,178,177,179,-1,179,177,176,-1,178,179,180,-1,178,180,181,-1,181,180,182,-1,181,182,183,-1,183,182,184,-1,183,184,185,-1,185,184,186,-1,185,186,187,-1,187,186,188,-1,187,188,189,-1,189,188,190,-1,189,190,191,-1,192,191,193,-1,193,191,190,-1,194,192,195,-1,195,192,193,-1,196,194,197,-1,197,194,195,-1,198,196,199,-1,199,196,197,-1,200,198,201,-1,201,198,199,-1,158,160,163,-1,191,192,178,-1,192,163,162,-1,196,198,202,-1,202,198,200,-1,169,171,173,-1,178,192,177,-1,177,192,162,-1,177,162,175,-1,185,178,183,-1,183,178,181,-1,196,140,142,-1,185,187,178,-1,178,187,189,-1,178,189,191,-1,140,196,138,-1,138,196,202,-1,138,202,136,-1,175,162,173,-1,173,162,167,-1,173,167,169,-1,142,144,196,-1,196,144,146,-1,196,146,194,-1,194,146,148,-1,194,148,192,-1,192,148,150,-1,150,152,192,-1,192,152,154,-1,192,154,163,-1,163,154,156,-1,163,156,158,-1,164,165,193,-1,182,180,179,-1,201,199,203,-1,203,199,197,-1,179,190,188,-1,176,164,179,-1,179,164,193,-1,179,193,190,-1,145,143,197,-1,197,143,141,-1,197,141,203,-1,203,141,139,-1,203,139,137,-1,188,186,179,-1,179,186,184,-1,179,184,182,-1,172,170,168,-1,161,159,165,-1,165,159,157,-1,165,157,193,-1,193,157,155,-1,155,153,193,-1,193,153,151,-1,193,151,195,-1,195,151,149,-1,195,149,197,-1,197,149,147,-1,197,147,145,-1,176,174,164,-1,164,174,172,-1,164,172,166,-1,166,172,168,-1,204,205,206,-1,206,205,207,-1,206,207,208,-1,208,207,209,-1,208,209,210,-1,210,209,211,-1,210,211,212,-1,212,211,213,-1,212,213,214,-1,214,213,215,-1,214,215,216,-1,216,215,217,-1,216,217,218,-1,218,217,219,-1,218,219,220,-1,220,219,221,-1,220,221,222,-1,222,221,223,-1,222,223,224,-1,224,223,225,-1,224,225,226,-1,226,225,227,-1,226,227,228,-1,228,227,229,-1,230,231,232,-1,232,231,233,-1,230,232,234,-1,230,234,235,-1,235,234,236,-1,235,236,237,-1,237,236,238,-1,237,238,239,-1,239,238,240,-1,239,240,241,-1,241,240,242,-1,241,242,243,-1,243,242,244,-1,243,244,245,-1,246,245,247,-1,247,245,244,-1,246,247,248,-1,246,248,249,-1,249,248,250,-1,249,250,251,-1,251,250,252,-1,251,252,253,-1,253,252,254,-1,253,254,255,-1,255,254,256,-1,255,256,257,-1,257,256,258,-1,257,258,259,-1,260,259,261,-1,261,259,258,-1,262,260,263,-1,263,260,261,-1,264,262,265,-1,265,262,263,-1,266,264,267,-1,267,264,265,-1,268,266,269,-1,269,266,267,-1,226,228,231,-1,259,260,246,-1,260,231,230,-1,264,266,270,-1,270,266,268,-1,237,239,241,-1,246,260,245,-1,245,260,230,-1,245,230,243,-1,253,246,251,-1,251,246,249,-1,264,208,210,-1,253,255,246,-1,246,255,257,-1,246,257,259,-1,208,264,206,-1,206,264,270,-1,206,270,204,-1,243,230,241,-1,241,230,235,-1,241,235,237,-1,210,212,264,-1,264,212,214,-1,264,214,262,-1,262,214,216,-1,262,216,260,-1,260,216,218,-1,218,220,260,-1,260,220,222,-1,260,222,231,-1,231,222,224,-1,231,224,226,-1,232,233,261,-1,250,248,247,-1,269,267,271,-1,271,267,265,-1,247,258,256,-1,244,232,247,-1,247,232,261,-1,247,261,258,-1,213,211,265,-1,265,211,209,-1,265,209,271,-1,271,209,207,-1,271,207,205,-1,256,254,247,-1,247,254,252,-1,247,252,250,-1,240,238,236,-1,229,227,233,-1,233,227,225,-1,233,225,261,-1,261,225,223,-1,223,221,261,-1,261,221,219,-1,261,219,263,-1,263,219,217,-1,263,217,265,-1,265,217,215,-1,265,215,213,-1,244,242,232,-1,232,242,240,-1,232,240,234,-1,234,240,236,-1,272,273,274,-1,274,273,275,-1,274,275,276,-1,276,275,277,-1,276,277,278,-1,278,277,279,-1,278,279,280,-1,280,279,281,-1,280,281,282,-1,282,281,283,-1,282,283,284,-1,284,283,285,-1,284,285,286,-1,286,285,287,-1,286,287,288,-1,288,287,289,-1,288,289,290,-1,290,289,291,-1,290,291,292,-1,292,291,293,-1,292,293,294,-1,294,293,295,-1,294,295,296,-1,296,295,297,-1,298,299,300,-1,300,299,301,-1,298,300,302,-1,298,302,303,-1,303,302,304,-1,303,304,305,-1,305,304,306,-1,305,306,307,-1,307,306,308,-1,307,308,309,-1,309,308,310,-1,309,310,311,-1,311,310,312,-1,311,312,313,-1,314,313,315,-1,315,313,312,-1,314,315,316,-1,314,316,317,-1,317,316,318,-1,317,318,319,-1,319,318,320,-1,319,320,321,-1,321,320,322,-1,321,322,323,-1,323,322,324,-1,323,324,325,-1,325,324,326,-1,325,326,327,-1,328,327,329,-1,329,327,326,-1,330,328,331,-1,331,328,329,-1,332,330,333,-1,333,330,331,-1,334,332,335,-1,335,332,333,-1,336,334,337,-1,337,334,335,-1,294,296,299,-1,327,328,314,-1,328,299,298,-1,332,334,338,-1,338,334,336,-1,305,307,309,-1,314,328,313,-1,313,328,298,-1,313,298,311,-1,321,314,319,-1,319,314,317,-1,332,276,278,-1,321,323,314,-1,314,323,325,-1,314,325,327,-1,276,332,274,-1,274,332,338,-1,274,338,272,-1,311,298,309,-1,309,298,303,-1,309,303,305,-1,278,280,332,-1,332,280,282,-1,332,282,330,-1,330,282,284,-1,330,284,328,-1,328,284,286,-1,286,288,328,-1,328,288,290,-1,328,290,299,-1,299,290,292,-1,299,292,294,-1,300,301,329,-1,318,316,315,-1,337,335,339,-1,339,335,333,-1,315,326,324,-1,312,300,315,-1,315,300,329,-1,315,329,326,-1,281,279,333,-1,333,279,277,-1,333,277,339,-1,339,277,275,-1,339,275,273,-1,324,322,315,-1,315,322,320,-1,315,320,318,-1,308,306,304,-1,297,295,301,-1,301,295,293,-1,301,293,329,-1,329,293,291,-1,291,289,329,-1,329,289,287,-1,329,287,331,-1,331,287,285,-1,331,285,333,-1,333,285,283,-1,333,283,281,-1,312,310,300,-1,300,310,308,-1,300,308,302,-1,302,308,304,-1,340,341,342,-1,342,341,343,-1,342,343,344,-1,344,343,345,-1,344,345,346,-1,346,345,347,-1,346,347,348,-1,348,347,349,-1,348,349,350,-1,350,349,351,-1,350,351,352,-1,352,351,353,-1,352,353,354,-1,354,353,355,-1,354,355,356,-1,356,355,357,-1,356,357,358,-1,358,357,359,-1,358,359,360,-1,360,359,361,-1,360,361,362,-1,362,361,363,-1,362,363,364,-1,364,363,365,-1,366,367,368,-1,368,367,369,-1,366,368,370,-1,366,370,371,-1,371,370,372,-1,371,372,373,-1,373,372,374,-1,373,374,375,-1,375,374,376,-1,375,376,377,-1,377,376,378,-1,377,378,379,-1,379,378,380,-1,379,380,381,-1,382,381,383,-1,383,381,380,-1,382,383,384,-1,382,384,385,-1,385,384,386,-1,385,386,387,-1,387,386,388,-1,387,388,389,-1,389,388,390,-1,389,390,391,-1,391,390,392,-1,391,392,393,-1,393,392,394,-1,393,394,395,-1,396,395,397,-1,397,395,394,-1,398,396,399,-1,399,396,397,-1,400,398,401,-1,401,398,399,-1,402,400,403,-1,403,400,401,-1,404,402,405,-1,405,402,403,-1,362,364,367,-1,395,396,382,-1,396,367,366,-1,400,402,406,-1,406,402,404,-1,373,375,377,-1,382,396,381,-1,381,396,366,-1,381,366,379,-1,389,382,387,-1,387,382,385,-1,400,344,346,-1,389,391,382,-1,382,391,393,-1,382,393,395,-1,344,400,342,-1,342,400,406,-1,342,406,340,-1,379,366,377,-1,377,366,371,-1,377,371,373,-1,346,348,400,-1,400,348,350,-1,400,350,398,-1,398,350,352,-1,398,352,396,-1,396,352,354,-1,354,356,396,-1,396,356,358,-1,396,358,367,-1,367,358,360,-1,367,360,362,-1,368,369,397,-1,386,384,383,-1,405,403,407,-1,407,403,401,-1,383,394,392,-1,380,368,383,-1,383,368,397,-1,383,397,394,-1,349,347,401,-1,401,347,345,-1,401,345,407,-1,407,345,343,-1,407,343,341,-1,392,390,383,-1,383,390,388,-1,383,388,386,-1,376,374,372,-1,365,363,369,-1,369,363,361,-1,369,361,397,-1,397,361,359,-1,359,357,397,-1,397,357,355,-1,397,355,399,-1,399,355,353,-1,399,353,401,-1,401,353,351,-1,401,351,349,-1,380,378,368,-1,368,378,376,-1,368,376,370,-1,370,376,372,-1,408,409,410,-1,410,409,411,-1,410,411,412,-1,412,411,413,-1,412,413,414,-1,414,413,415,-1,414,415,416,-1,416,415,417,-1,416,417,418,-1,418,417,419,-1,418,419,420,-1,420,419,421,-1,420,421,422,-1,422,421,423,-1,422,423,424,-1,424,423,425,-1,424,425,426,-1,426,425,427,-1,426,427,428,-1,428,427,429,-1,428,429,430,-1,430,429,431,-1,430,431,432,-1,432,431,433,-1,434,435,436,-1,436,435,437,-1,434,436,438,-1,434,438,439,-1,439,438,440,-1,439,440,441,-1,441,440,442,-1,441,442,443,-1,443,442,444,-1,443,444,445,-1,445,444,446,-1,445,446,447,-1,447,446,448,-1,447,448,449,-1,450,449,451,-1,451,449,448,-1,450,451,452,-1,450,452,453,-1,453,452,454,-1,453,454,455,-1,455,454,456,-1,455,456,457,-1,457,456,458,-1,457,458,459,-1,459,458,460,-1,459,460,461,-1,461,460,462,-1,461,462,463,-1,464,463,465,-1,465,463,462,-1,466,464,467,-1,467,464,465,-1,468,466,469,-1,469,466,467,-1,470,468,471,-1,471,468,469,-1,472,470,473,-1,473,470,471,-1,430,432,435,-1,463,464,450,-1,464,435,434,-1,468,470,474,-1,474,470,472,-1,441,443,445,-1,450,464,449,-1,449,464,434,-1,449,434,447,-1,457,450,455,-1,455,450,453,-1,468,412,414,-1,457,459,450,-1,450,459,461,-1,450,461,463,-1,412,468,410,-1,410,468,474,-1,410,474,408,-1,447,434,445,-1,445,434,439,-1,445,439,441,-1,414,416,468,-1,468,416,418,-1,468,418,466,-1,466,418,420,-1,466,420,464,-1,464,420,422,-1,422,424,464,-1,464,424,426,-1,464,426,435,-1,435,426,428,-1,435,428,430,-1,436,437,465,-1,454,452,451,-1,473,471,475,-1,475,471,469,-1,451,462,460,-1,448,436,451,-1,451,436,465,-1,451,465,462,-1,417,415,469,-1,469,415,413,-1,469,413,475,-1,475,413,411,-1,475,411,409,-1,460,458,451,-1,451,458,456,-1,451,456,454,-1,444,442,440,-1,433,431,437,-1,437,431,429,-1,437,429,465,-1,465,429,427,-1,427,425,465,-1,465,425,423,-1,465,423,467,-1,467,423,421,-1,467,421,469,-1,469,421,419,-1,469,419,417,-1,448,446,436,-1,436,446,444,-1,436,444,438,-1,438,444,440,-1,476,477,478,-1,478,477,479,-1,478,479,480,-1,480,479,481,-1,480,481,482,-1,482,481,483,-1,482,483,484,-1,484,483,485,-1,484,485,486,-1,486,485,487,-1,486,487,488,-1,488,487,489,-1,488,489,490,-1,490,489,491,-1,490,491,492,-1,492,491,493,-1,492,493,494,-1,494,493,495,-1,494,495,496,-1,496,495,497,-1,496,497,498,-1,498,497,499,-1,498,499,500,-1,500,499,501,-1,502,503,504,-1,504,503,505,-1,502,504,506,-1,502,506,507,-1,507,506,508,-1,507,508,509,-1,509,508,510,-1,509,510,511,-1,511,510,512,-1,511,512,513,-1,513,512,514,-1,513,514,515,-1,515,514,516,-1,515,516,517,-1,518,517,519,-1,519,517,516,-1,518,519,520,-1,518,520,521,-1,521,520,522,-1,521,522,523,-1,523,522,524,-1,523,524,525,-1,525,524,526,-1,525,526,527,-1,527,526,528,-1,527,528,529,-1,529,528,530,-1,529,530,531,-1,532,531,533,-1,533,531,530,-1,534,532,535,-1,535,532,533,-1,536,534,537,-1,537,534,535,-1,538,536,539,-1,539,536,537,-1,540,538,541,-1,541,538,539,-1,498,500,503,-1,531,532,518,-1,532,503,502,-1,536,538,542,-1,542,538,540,-1,509,511,513,-1,518,532,517,-1,517,532,502,-1,517,502,515,-1,525,518,523,-1,523,518,521,-1,536,480,482,-1,525,527,518,-1,518,527,529,-1,518,529,531,-1,480,536,478,-1,478,536,542,-1,478,542,476,-1,515,502,513,-1,513,502,507,-1,513,507,509,-1,482,484,536,-1,536,484,486,-1,536,486,534,-1,534,486,488,-1,534,488,532,-1,532,488,490,-1,490,492,532,-1,532,492,494,-1,532,494,503,-1,503,494,496,-1,503,496,498,-1,504,505,533,-1,522,520,519,-1,541,539,543,-1,543,539,537,-1,519,530,528,-1,516,504,519,-1,519,504,533,-1,519,533,530,-1,485,483,537,-1,537,483,481,-1,537,481,543,-1,543,481,479,-1,543,479,477,-1,528,526,519,-1,519,526,524,-1,519,524,522,-1,512,510,508,-1,501,499,505,-1,505,499,497,-1,505,497,533,-1,533,497,495,-1,495,493,533,-1,533,493,491,-1,533,491,535,-1,535,491,489,-1,535,489,537,-1,537,489,487,-1,537,487,485,-1,516,514,504,-1,504,514,512,-1,504,512,506,-1,506,512,508,-1,544,545,546,-1,546,545,547,-1,546,547,548,-1,548,547,549,-1,548,549,550,-1,550,549,551,-1,550,551,552,-1,552,551,553,-1,552,553,554,-1,554,553,555,-1,554,555,556,-1,556,555,557,-1,556,557,558,-1,558,557,559,-1,558,559,560,-1,560,559,561,-1,560,561,562,-1,562,561,563,-1,562,563,564,-1,564,563,565,-1,564,565,566,-1,566,565,567,-1,566,567,568,-1,568,567,569,-1,570,571,572,-1,572,571,573,-1,570,572,574,-1,570,574,575,-1,575,574,576,-1,575,576,577,-1,577,576,578,-1,577,578,579,-1,579,578,580,-1,579,580,581,-1,581,580,582,-1,581,582,583,-1,583,582,584,-1,583,584,585,-1,586,585,587,-1,587,585,584,-1,586,587,588,-1,586,588,589,-1,589,588,590,-1,589,590,591,-1,591,590,592,-1,591,592,593,-1,593,592,594,-1,593,594,595,-1,595,594,596,-1,595,596,597,-1,597,596,598,-1,597,598,599,-1,600,599,601,-1,601,599,598,-1,602,600,603,-1,603,600,601,-1,604,602,605,-1,605,602,603,-1,606,604,607,-1,607,604,605,-1,608,606,609,-1,609,606,607,-1,566,568,571,-1,599,600,586,-1,600,571,570,-1,604,606,610,-1,610,606,608,-1,577,579,581,-1,586,600,585,-1,585,600,570,-1,585,570,583,-1,593,586,591,-1,591,586,589,-1,604,548,550,-1,593,595,586,-1,586,595,597,-1,586,597,599,-1,548,604,546,-1,546,604,610,-1,546,610,544,-1,583,570,581,-1,581,570,575,-1,581,575,577,-1,550,552,604,-1,604,552,554,-1,604,554,602,-1,602,554,556,-1,602,556,600,-1,600,556,558,-1,558,560,600,-1,600,560,562,-1,600,562,571,-1,571,562,564,-1,571,564,566,-1,572,573,601,-1,590,588,587,-1,609,607,611,-1,611,607,605,-1,587,598,596,-1,584,572,587,-1,587,572,601,-1,587,601,598,-1,553,551,605,-1,605,551,549,-1,605,549,611,-1,611,549,547,-1,611,547,545,-1,596,594,587,-1,587,594,592,-1,587,592,590,-1,580,578,576,-1,569,567,573,-1,573,567,565,-1,573,565,601,-1,601,565,563,-1,563,561,601,-1,601,561,559,-1,601,559,603,-1,603,559,557,-1,603,557,605,-1,605,557,555,-1,605,555,553,-1,584,582,572,-1,572,582,580,-1,572,580,574,-1,574,580,576,-1,612,613,614,-1,614,613,615,-1,614,615,616,-1,616,615,617,-1,616,617,618,-1,618,617,619,-1,618,619,620,-1,620,619,621,-1,620,621,622,-1,622,621,623,-1,622,623,624,-1,624,623,625,-1,624,625,626,-1,626,625,627,-1,626,627,628,-1,628,627,629,-1,628,629,630,-1,630,629,631,-1,630,631,632,-1,632,631,633,-1,632,633,634,-1,634,633,635,-1,634,635,636,-1,636,635,637,-1,638,639,640,-1,640,639,641,-1,638,640,642,-1,638,642,643,-1,643,642,644,-1,643,644,645,-1,645,644,646,-1,645,646,647,-1,647,646,648,-1,647,648,649,-1,649,648,650,-1,649,650,651,-1,651,650,652,-1,651,652,653,-1,654,653,655,-1,655,653,652,-1,654,655,656,-1,654,656,657,-1,657,656,658,-1,657,658,659,-1,659,658,660,-1,659,660,661,-1,661,660,662,-1,661,662,663,-1,663,662,664,-1,663,664,665,-1,665,664,666,-1,665,666,667,-1,668,667,669,-1,669,667,666,-1,670,668,671,-1,671,668,669,-1,672,670,673,-1,673,670,671,-1,674,672,675,-1,675,672,673,-1,676,674,677,-1,677,674,675,-1,634,636,639,-1,667,668,654,-1,668,639,638,-1,672,674,678,-1,678,674,676,-1,645,647,649,-1,654,668,653,-1,653,668,638,-1,653,638,651,-1,661,654,659,-1,659,654,657,-1,672,616,618,-1,661,663,654,-1,654,663,665,-1,654,665,667,-1,616,672,614,-1,614,672,678,-1,614,678,612,-1,651,638,649,-1,649,638,643,-1,649,643,645,-1,618,620,672,-1,672,620,622,-1,672,622,670,-1,670,622,624,-1,670,624,668,-1,668,624,626,-1,626,628,668,-1,668,628,630,-1,668,630,639,-1,639,630,632,-1,639,632,634,-1,640,641,669,-1,658,656,655,-1,677,675,679,-1,679,675,673,-1,655,666,664,-1,652,640,655,-1,655,640,669,-1,655,669,666,-1,621,619,673,-1,673,619,617,-1,673,617,679,-1,679,617,615,-1,679,615,613,-1,664,662,655,-1,655,662,660,-1,655,660,658,-1,648,646,644,-1,637,635,641,-1,641,635,633,-1,641,633,669,-1,669,633,631,-1,631,629,669,-1,669,629,627,-1,669,627,671,-1,671,627,625,-1,671,625,673,-1,673,625,623,-1,673,623,621,-1,652,650,640,-1,640,650,648,-1,640,648,642,-1,642,648,644,-1,680,681,682,-1,682,681,683,-1,682,683,684,-1,684,683,685,-1,684,685,686,-1,686,685,687,-1,686,687,688,-1,688,687,689,-1,688,689,690,-1,690,689,691,-1,690,691,692,-1,692,691,693,-1,692,693,694,-1,694,693,695,-1,694,695,696,-1,696,695,697,-1,696,697,698,-1,698,697,699,-1,698,699,700,-1,700,699,701,-1,700,701,702,-1,702,701,703,-1,702,703,704,-1,704,703,705,-1,706,707,708,-1,708,707,709,-1,706,708,710,-1,706,710,711,-1,711,710,712,-1,711,712,713,-1,713,712,714,-1,713,714,715,-1,715,714,716,-1,715,716,717,-1,717,716,718,-1,717,718,719,-1,719,718,720,-1,719,720,721,-1,722,721,723,-1,723,721,720,-1,722,723,724,-1,722,724,725,-1,725,724,726,-1,725,726,727,-1,727,726,728,-1,727,728,729,-1,729,728,730,-1,729,730,731,-1,731,730,732,-1,731,732,733,-1,733,732,734,-1,733,734,735,-1,736,735,737,-1,737,735,734,-1,738,736,739,-1,739,736,737,-1,740,738,741,-1,741,738,739,-1,742,740,743,-1,743,740,741,-1,744,742,745,-1,745,742,743,-1,702,704,707,-1,735,736,722,-1,736,707,706,-1,740,742,746,-1,746,742,744,-1,713,715,717,-1,722,736,721,-1,721,736,706,-1,721,706,719,-1,729,722,727,-1,727,722,725,-1,740,684,686,-1,729,731,722,-1,722,731,733,-1,722,733,735,-1,684,740,682,-1,682,740,746,-1,682,746,680,-1,719,706,717,-1,717,706,711,-1,717,711,713,-1,686,688,740,-1,740,688,690,-1,740,690,738,-1,738,690,692,-1,738,692,736,-1,736,692,694,-1,694,696,736,-1,736,696,698,-1,736,698,707,-1,707,698,700,-1,707,700,702,-1,708,709,737,-1,726,724,723,-1,745,743,747,-1,747,743,741,-1,723,734,732,-1,720,708,723,-1,723,708,737,-1,723,737,734,-1,689,687,741,-1,741,687,685,-1,741,685,747,-1,747,685,683,-1,747,683,681,-1,732,730,723,-1,723,730,728,-1,723,728,726,-1,716,714,712,-1,705,703,709,-1,709,703,701,-1,709,701,737,-1,737,701,699,-1,699,697,737,-1,737,697,695,-1,737,695,739,-1,739,695,693,-1,739,693,741,-1,741,693,691,-1,741,691,689,-1,720,718,708,-1,708,718,716,-1,708,716,710,-1,710,716,712,-1,748,749,750,-1,750,749,751,-1,750,751,752,-1,752,751,753,-1,752,753,754,-1,754,753,755,-1,754,755,756,-1,756,755,757,-1,756,757,758,-1,758,757,759,-1,758,759,760,-1,760,759,761,-1,760,761,762,-1,762,761,763,-1,762,763,764,-1,764,763,765,-1,764,765,766,-1,766,765,767,-1,766,767,768,-1,768,767,769,-1,768,769,770,-1,770,769,771,-1,770,771,772,-1,772,771,773,-1,774,775,776,-1,776,775,777,-1,774,776,778,-1,774,778,779,-1,779,778,780,-1,779,780,781,-1,781,780,782,-1,781,782,783,-1,783,782,784,-1,783,784,785,-1,785,784,786,-1,785,786,787,-1,787,786,788,-1,787,788,789,-1,790,789,791,-1,791,789,788,-1,790,791,792,-1,790,792,793,-1,793,792,794,-1,793,794,795,-1,795,794,796,-1,795,796,797,-1,797,796,798,-1,797,798,799,-1,799,798,800,-1,799,800,801,-1,801,800,802,-1,801,802,803,-1,804,803,805,-1,805,803,802,-1,806,804,807,-1,807,804,805,-1,808,806,809,-1,809,806,807,-1,810,808,811,-1,811,808,809,-1,812,810,813,-1,813,810,811,-1,770,772,775,-1,803,804,790,-1,804,775,774,-1,808,810,814,-1,814,810,812,-1,781,783,785,-1,790,804,789,-1,789,804,774,-1,789,774,787,-1,797,790,795,-1,795,790,793,-1,808,752,754,-1,797,799,790,-1,790,799,801,-1,790,801,803,-1,752,808,750,-1,750,808,814,-1,750,814,748,-1,787,774,785,-1,785,774,779,-1,785,779,781,-1,754,756,808,-1,808,756,758,-1,808,758,806,-1,806,758,760,-1,806,760,804,-1,804,760,762,-1,762,764,804,-1,804,764,766,-1,804,766,775,-1,775,766,768,-1,775,768,770,-1,776,777,805,-1,794,792,791,-1,813,811,815,-1,815,811,809,-1,791,802,800,-1,788,776,791,-1,791,776,805,-1,791,805,802,-1,757,755,809,-1,809,755,753,-1,809,753,815,-1,815,753,751,-1,815,751,749,-1,800,798,791,-1,791,798,796,-1,791,796,794,-1,784,782,780,-1,773,771,777,-1,777,771,769,-1,777,769,805,-1,805,769,767,-1,767,765,805,-1,805,765,763,-1,805,763,807,-1,807,763,761,-1,807,761,809,-1,809,761,759,-1,809,759,757,-1,788,786,776,-1,776,786,784,-1,776,784,778,-1,778,784,780,-1,816,817,818,-1,818,817,819,-1,818,819,820,-1,820,819,821,-1,820,821,822,-1,822,821,823,-1,822,823,824,-1,824,823,825,-1,824,825,826,-1,826,825,827,-1,826,827,828,-1,828,827,829,-1,828,829,830,-1,830,829,831,-1,830,831,832,-1,832,831,833,-1,832,833,834,-1,834,833,835,-1,834,835,836,-1,836,835,837,-1,836,837,838,-1,838,837,839,-1,838,839,840,-1,840,839,841,-1,842,843,844,-1,844,843,845,-1,842,844,846,-1,842,846,847,-1,847,846,848,-1,847,848,849,-1,849,848,850,-1,849,850,851,-1,851,850,852,-1,851,852,853,-1,853,852,854,-1,853,854,855,-1,855,854,856,-1,855,856,857,-1,858,857,859,-1,859,857,856,-1,858,859,860,-1,858,860,861,-1,861,860,862,-1,861,862,863,-1,863,862,864,-1,863,864,865,-1,865,864,866,-1,865,866,867,-1,867,866,868,-1,867,868,869,-1,869,868,870,-1,869,870,871,-1,872,871,873,-1,873,871,870,-1,874,872,875,-1,875,872,873,-1,876,874,877,-1,877,874,875,-1,878,876,879,-1,879,876,877,-1,880,878,881,-1,881,878,879,-1,838,840,843,-1,871,872,858,-1,872,843,842,-1,876,878,882,-1,882,878,880,-1,849,851,853,-1,858,872,857,-1,857,872,842,-1,857,842,855,-1,865,858,863,-1,863,858,861,-1,876,820,822,-1,865,867,858,-1,858,867,869,-1,858,869,871,-1,820,876,818,-1,818,876,882,-1,818,882,816,-1,855,842,853,-1,853,842,847,-1,853,847,849,-1,822,824,876,-1,876,824,826,-1,876,826,874,-1,874,826,828,-1,874,828,872,-1,872,828,830,-1,830,832,872,-1,872,832,834,-1,872,834,843,-1,843,834,836,-1,843,836,838,-1,844,845,873,-1,862,860,859,-1,881,879,883,-1,883,879,877,-1,859,870,868,-1,856,844,859,-1,859,844,873,-1,859,873,870,-1,825,823,877,-1,877,823,821,-1,877,821,883,-1,883,821,819,-1,883,819,817,-1,868,866,859,-1,859,866,864,-1,859,864,862,-1,852,850,848,-1,841,839,845,-1,845,839,837,-1,845,837,873,-1,873,837,835,-1,835,833,873,-1,873,833,831,-1,873,831,875,-1,875,831,829,-1,875,829,877,-1,877,829,827,-1,877,827,825,-1,856,854,844,-1,844,854,852,-1,844,852,846,-1,846,852,848,-1,884,885,886,-1,886,885,887,-1,886,887,888,-1,888,887,889,-1,888,889,890,-1,890,889,891,-1,890,891,892,-1,892,891,893,-1,892,893,894,-1,894,893,895,-1,894,895,896,-1,896,895,897,-1,896,897,898,-1,898,897,899,-1,898,899,900,-1,900,899,901,-1,900,901,902,-1,902,901,903,-1,902,903,904,-1,904,903,905,-1,904,905,906,-1,906,905,907,-1,906,907,908,-1,908,907,909,-1,910,911,912,-1,912,911,913,-1,910,912,914,-1,910,914,915,-1,915,914,916,-1,915,916,917,-1,917,916,918,-1,917,918,919,-1,919,918,920,-1,919,920,921,-1,921,920,922,-1,921,922,923,-1,923,922,924,-1,923,924,925,-1,926,925,927,-1,927,925,924,-1,926,927,928,-1,926,928,929,-1,929,928,930,-1,929,930,931,-1,931,930,932,-1,931,932,933,-1,933,932,934,-1,933,934,935,-1,935,934,936,-1,935,936,937,-1,937,936,938,-1,937,938,939,-1,940,939,941,-1,941,939,938,-1,942,940,943,-1,943,940,941,-1,944,942,945,-1,945,942,943,-1,946,944,947,-1,947,944,945,-1,948,946,949,-1,949,946,947,-1,906,908,911,-1,939,940,926,-1,940,911,910,-1,944,946,950,-1,950,946,948,-1,917,919,921,-1,926,940,925,-1,925,940,910,-1,925,910,923,-1,933,926,931,-1,931,926,929,-1,944,888,890,-1,933,935,926,-1,926,935,937,-1,926,937,939,-1,888,944,886,-1,886,944,950,-1,886,950,884,-1,923,910,921,-1,921,910,915,-1,921,915,917,-1,890,892,944,-1,944,892,894,-1,944,894,942,-1,942,894,896,-1,942,896,940,-1,940,896,898,-1,898,900,940,-1,940,900,902,-1,940,902,911,-1,911,902,904,-1,911,904,906,-1,912,913,941,-1,930,928,927,-1,949,947,951,-1,951,947,945,-1,927,938,936,-1,924,912,927,-1,927,912,941,-1,927,941,938,-1,893,891,945,-1,945,891,889,-1,945,889,951,-1,951,889,887,-1,951,887,885,-1,936,934,927,-1,927,934,932,-1,927,932,930,-1,920,918,916,-1,909,907,913,-1,913,907,905,-1,913,905,941,-1,941,905,903,-1,903,901,941,-1,941,901,899,-1,941,899,943,-1,943,899,897,-1,943,897,945,-1,945,897,895,-1,945,895,893,-1,924,922,912,-1,912,922,920,-1,912,920,914,-1,914,920,916,-1,952,953,954,-1,954,953,955,-1,954,955,956,-1,956,955,957,-1,956,957,958,-1,958,957,959,-1,958,959,960,-1,960,959,961,-1,960,961,962,-1,962,961,963,-1,962,963,964,-1,964,963,965,-1,964,965,966,-1,966,965,967,-1,966,967,968,-1,968,967,969,-1,968,969,970,-1,970,969,971,-1,970,971,972,-1,972,971,973,-1,972,973,974,-1,974,973,975,-1,974,975,976,-1,976,975,977,-1,978,979,980,-1,980,979,981,-1,978,980,982,-1,978,982,983,-1,983,982,984,-1,983,984,985,-1,985,984,986,-1,985,986,987,-1,987,986,988,-1,987,988,989,-1,989,988,990,-1,989,990,991,-1,991,990,992,-1,991,992,993,-1,994,993,995,-1,995,993,992,-1,994,995,996,-1,994,996,997,-1,997,996,998,-1,997,998,999,-1,999,998,1000,-1,999,1000,1001,-1,1001,1000,1002,-1,1001,1002,1003,-1,1003,1002,1004,-1,1003,1004,1005,-1,1005,1004,1006,-1,1005,1006,1007,-1,1008,1007,1009,-1,1009,1007,1006,-1,1010,1008,1011,-1,1011,1008,1009,-1,1012,1010,1013,-1,1013,1010,1011,-1,1014,1012,1015,-1,1015,1012,1013,-1,1016,1014,1017,-1,1017,1014,1015,-1,974,976,979,-1,1007,1008,994,-1,1008,979,978,-1,1012,1014,1018,-1,1018,1014,1016,-1,985,987,989,-1,994,1008,993,-1,993,1008,978,-1,993,978,991,-1,1001,994,999,-1,999,994,997,-1,1012,956,958,-1,1001,1003,994,-1,994,1003,1005,-1,994,1005,1007,-1,956,1012,954,-1,954,1012,1018,-1,954,1018,952,-1,991,978,989,-1,989,978,983,-1,989,983,985,-1,958,960,1012,-1,1012,960,962,-1,1012,962,1010,-1,1010,962,964,-1,1010,964,1008,-1,1008,964,966,-1,966,968,1008,-1,1008,968,970,-1,1008,970,979,-1,979,970,972,-1,979,972,974,-1,980,981,1009,-1,998,996,995,-1,1017,1015,1019,-1,1019,1015,1013,-1,995,1006,1004,-1,992,980,995,-1,995,980,1009,-1,995,1009,1006,-1,961,959,1013,-1,1013,959,957,-1,1013,957,1019,-1,1019,957,955,-1,1019,955,953,-1,1004,1002,995,-1,995,1002,1000,-1,995,1000,998,-1,988,986,984,-1,977,975,981,-1,981,975,973,-1,981,973,1009,-1,1009,973,971,-1,971,969,1009,-1,1009,969,967,-1,1009,967,1011,-1,1011,967,965,-1,1011,965,1013,-1,1013,965,963,-1,1013,963,961,-1,992,990,980,-1,980,990,988,-1,980,988,982,-1,982,988,984,-1,1020,1021,1022,-1,1022,1021,1023,-1,1022,1023,1024,-1,1024,1023,1025,-1,1024,1025,1026,-1,1026,1025,1027,-1,1026,1027,1028,-1,1028,1027,1029,-1,1028,1029,1030,-1,1030,1029,1031,-1,1030,1031,1032,-1,1032,1031,1033,-1,1032,1033,1034,-1,1034,1033,1035,-1,1034,1035,1036,-1,1036,1035,1037,-1,1036,1037,1038,-1,1038,1037,1039,-1,1038,1039,1040,-1,1040,1039,1041,-1,1040,1041,1042,-1,1042,1041,1043,-1,1042,1043,1044,-1,1044,1043,1045,-1,1046,1047,1048,-1,1048,1047,1049,-1,1046,1048,1050,-1,1046,1050,1051,-1,1051,1050,1052,-1,1051,1052,1053,-1,1053,1052,1054,-1,1053,1054,1055,-1,1055,1054,1056,-1,1055,1056,1057,-1,1057,1056,1058,-1,1057,1058,1059,-1,1059,1058,1060,-1,1059,1060,1061,-1,1062,1061,1063,-1,1063,1061,1060,-1,1062,1063,1064,-1,1062,1064,1065,-1,1065,1064,1066,-1,1065,1066,1067,-1,1067,1066,1068,-1,1067,1068,1069,-1,1069,1068,1070,-1,1069,1070,1071,-1,1071,1070,1072,-1,1071,1072,1073,-1,1073,1072,1074,-1,1073,1074,1075,-1,1076,1075,1077,-1,1077,1075,1074,-1,1078,1076,1079,-1,1079,1076,1077,-1,1080,1078,1081,-1,1081,1078,1079,-1,1082,1080,1083,-1,1083,1080,1081,-1,1084,1082,1085,-1,1085,1082,1083,-1,1042,1044,1047,-1,1075,1076,1062,-1,1076,1047,1046,-1,1080,1082,1086,-1,1086,1082,1084,-1,1053,1055,1057,-1,1062,1076,1061,-1,1061,1076,1046,-1,1061,1046,1059,-1,1069,1062,1067,-1,1067,1062,1065,-1,1080,1024,1026,-1,1069,1071,1062,-1,1062,1071,1073,-1,1062,1073,1075,-1,1024,1080,1022,-1,1022,1080,1086,-1,1022,1086,1020,-1,1059,1046,1057,-1,1057,1046,1051,-1,1057,1051,1053,-1,1026,1028,1080,-1,1080,1028,1030,-1,1080,1030,1078,-1,1078,1030,1032,-1,1078,1032,1076,-1,1076,1032,1034,-1,1034,1036,1076,-1,1076,1036,1038,-1,1076,1038,1047,-1,1047,1038,1040,-1,1047,1040,1042,-1,1048,1049,1077,-1,1066,1064,1063,-1,1085,1083,1087,-1,1087,1083,1081,-1,1063,1074,1072,-1,1060,1048,1063,-1,1063,1048,1077,-1,1063,1077,1074,-1,1029,1027,1081,-1,1081,1027,1025,-1,1081,1025,1087,-1,1087,1025,1023,-1,1087,1023,1021,-1,1072,1070,1063,-1,1063,1070,1068,-1,1063,1068,1066,-1,1056,1054,1052,-1,1045,1043,1049,-1,1049,1043,1041,-1,1049,1041,1077,-1,1077,1041,1039,-1,1039,1037,1077,-1,1077,1037,1035,-1,1077,1035,1079,-1,1079,1035,1033,-1,1079,1033,1081,-1,1081,1033,1031,-1,1081,1031,1029,-1,1060,1058,1048,-1,1048,1058,1056,-1,1048,1056,1050,-1,1050,1056,1052,-1,1088,1089,1090,-1,1090,1089,1091,-1,1090,1091,1092,-1,1092,1091,1093,-1,1092,1093,1094,-1,1094,1093,1095,-1,1094,1095,1096,-1,1096,1095,1097,-1,1096,1097,1098,-1,1098,1097,1099,-1,1098,1099,1100,-1,1100,1099,1101,-1,1100,1101,1102,-1,1102,1101,1103,-1,1102,1103,1104,-1,1104,1103,1105,-1,1104,1105,1106,-1,1106,1105,1107,-1,1106,1107,1108,-1,1108,1107,1109,-1,1108,1109,1110,-1,1110,1109,1111,-1,1110,1111,1112,-1,1112,1111,1113,-1,1114,1115,1116,-1,1116,1115,1117,-1,1114,1116,1118,-1,1114,1118,1119,-1,1119,1118,1120,-1,1119,1120,1121,-1,1121,1120,1122,-1,1121,1122,1123,-1,1123,1122,1124,-1,1123,1124,1125,-1,1125,1124,1126,-1,1125,1126,1127,-1,1127,1126,1128,-1,1127,1128,1129,-1,1130,1129,1131,-1,1131,1129,1128,-1,1130,1131,1132,-1,1130,1132,1133,-1,1133,1132,1134,-1,1133,1134,1135,-1,1135,1134,1136,-1,1135,1136,1137,-1,1137,1136,1138,-1,1137,1138,1139,-1,1139,1138,1140,-1,1139,1140,1141,-1,1141,1140,1142,-1,1141,1142,1143,-1,1144,1143,1145,-1,1145,1143,1142,-1,1146,1144,1147,-1,1147,1144,1145,-1,1148,1146,1149,-1,1149,1146,1147,-1,1150,1148,1151,-1,1151,1148,1149,-1,1152,1150,1153,-1,1153,1150,1151,-1,1110,1112,1115,-1,1143,1144,1130,-1,1144,1115,1114,-1,1148,1150,1154,-1,1154,1150,1152,-1,1121,1123,1125,-1,1130,1144,1129,-1,1129,1144,1114,-1,1129,1114,1127,-1,1137,1130,1135,-1,1135,1130,1133,-1,1148,1092,1094,-1,1137,1139,1130,-1,1130,1139,1141,-1,1130,1141,1143,-1,1092,1148,1090,-1,1090,1148,1154,-1,1090,1154,1088,-1,1127,1114,1125,-1,1125,1114,1119,-1,1125,1119,1121,-1,1094,1096,1148,-1,1148,1096,1098,-1,1148,1098,1146,-1,1146,1098,1100,-1,1146,1100,1144,-1,1144,1100,1102,-1,1102,1104,1144,-1,1144,1104,1106,-1,1144,1106,1115,-1,1115,1106,1108,-1,1115,1108,1110,-1,1116,1117,1145,-1,1134,1132,1131,-1,1153,1151,1155,-1,1155,1151,1149,-1,1131,1142,1140,-1,1128,1116,1131,-1,1131,1116,1145,-1,1131,1145,1142,-1,1097,1095,1149,-1,1149,1095,1093,-1,1149,1093,1155,-1,1155,1093,1091,-1,1155,1091,1089,-1,1140,1138,1131,-1,1131,1138,1136,-1,1131,1136,1134,-1,1124,1122,1120,-1,1113,1111,1117,-1,1117,1111,1109,-1,1117,1109,1145,-1,1145,1109,1107,-1,1107,1105,1145,-1,1145,1105,1103,-1,1145,1103,1147,-1,1147,1103,1101,-1,1147,1101,1149,-1,1149,1101,1099,-1,1149,1099,1097,-1,1128,1126,1116,-1,1116,1126,1124,-1,1116,1124,1118,-1,1118,1124,1120,-1,1156,1157,1158,-1,1158,1157,1159,-1,1158,1159,1160,-1,1160,1159,1161,-1,1160,1161,1162,-1,1162,1161,1163,-1,1162,1163,1164,-1,1164,1163,1165,-1,1164,1165,1166,-1,1166,1165,1167,-1,1166,1167,1168,-1,1168,1167,1169,-1,1168,1169,1170,-1,1170,1169,1171,-1,1170,1171,1172,-1,1172,1171,1173,-1,1172,1173,1174,-1,1174,1173,1175,-1,1174,1175,1176,-1,1176,1175,1177,-1,1176,1177,1178,-1,1178,1177,1179,-1,1178,1179,1180,-1,1180,1179,1181,-1,1182,1183,1184,-1,1184,1183,1185,-1,1182,1184,1186,-1,1182,1186,1187,-1,1187,1186,1188,-1,1187,1188,1189,-1,1189,1188,1190,-1,1189,1190,1191,-1,1191,1190,1192,-1,1191,1192,1193,-1,1193,1192,1194,-1,1193,1194,1195,-1,1195,1194,1196,-1,1195,1196,1197,-1,1198,1197,1199,-1,1199,1197,1196,-1,1198,1199,1200,-1,1198,1200,1201,-1,1201,1200,1202,-1,1201,1202,1203,-1,1203,1202,1204,-1,1203,1204,1205,-1,1205,1204,1206,-1,1205,1206,1207,-1,1207,1206,1208,-1,1207,1208,1209,-1,1209,1208,1210,-1,1209,1210,1211,-1,1212,1211,1213,-1,1213,1211,1210,-1,1214,1212,1215,-1,1215,1212,1213,-1,1216,1214,1217,-1,1217,1214,1215,-1,1218,1216,1219,-1,1219,1216,1217,-1,1220,1218,1221,-1,1221,1218,1219,-1,1178,1180,1183,-1,1211,1212,1198,-1,1212,1183,1182,-1,1216,1218,1222,-1,1222,1218,1220,-1,1189,1191,1193,-1,1198,1212,1197,-1,1197,1212,1182,-1,1197,1182,1195,-1,1205,1198,1203,-1,1203,1198,1201,-1,1216,1160,1162,-1,1205,1207,1198,-1,1198,1207,1209,-1,1198,1209,1211,-1,1160,1216,1158,-1,1158,1216,1222,-1,1158,1222,1156,-1,1195,1182,1193,-1,1193,1182,1187,-1,1193,1187,1189,-1,1162,1164,1216,-1,1216,1164,1166,-1,1216,1166,1214,-1,1214,1166,1168,-1,1214,1168,1212,-1,1212,1168,1170,-1,1170,1172,1212,-1,1212,1172,1174,-1,1212,1174,1183,-1,1183,1174,1176,-1,1183,1176,1178,-1,1184,1185,1213,-1,1202,1200,1199,-1,1221,1219,1223,-1,1223,1219,1217,-1,1199,1210,1208,-1,1196,1184,1199,-1,1199,1184,1213,-1,1199,1213,1210,-1,1165,1163,1217,-1,1217,1163,1161,-1,1217,1161,1223,-1,1223,1161,1159,-1,1223,1159,1157,-1,1208,1206,1199,-1,1199,1206,1204,-1,1199,1204,1202,-1,1192,1190,1188,-1,1181,1179,1185,-1,1185,1179,1177,-1,1185,1177,1213,-1,1213,1177,1175,-1,1175,1173,1213,-1,1213,1173,1171,-1,1213,1171,1215,-1,1215,1171,1169,-1,1215,1169,1217,-1,1217,1169,1167,-1,1217,1167,1165,-1,1196,1194,1184,-1,1184,1194,1192,-1,1184,1192,1186,-1,1186,1192,1188,-1,1224,1225,1226,-1,1226,1225,1227,-1,1226,1227,1228,-1,1228,1227,1229,-1,1228,1229,1230,-1,1230,1229,1231,-1,1230,1231,1232,-1,1232,1231,1233,-1,1232,1233,1234,-1,1234,1233,1235,-1,1234,1235,1236,-1,1236,1235,1237,-1,1236,1237,1238,-1,1238,1237,1239,-1,1238,1239,1240,-1,1240,1239,1241,-1,1240,1241,1242,-1,1242,1241,1243,-1,1242,1243,1244,-1,1244,1243,1245,-1,1244,1245,1246,-1,1246,1245,1247,-1,1246,1247,1248,-1,1248,1247,1249,-1,1250,1251,1252,-1,1252,1251,1253,-1,1250,1252,1254,-1,1250,1254,1255,-1,1255,1254,1256,-1,1255,1256,1257,-1,1257,1256,1258,-1,1257,1258,1259,-1,1259,1258,1260,-1,1259,1260,1261,-1,1261,1260,1262,-1,1261,1262,1263,-1,1263,1262,1264,-1,1263,1264,1265,-1,1266,1265,1267,-1,1267,1265,1264,-1,1266,1267,1268,-1,1266,1268,1269,-1,1269,1268,1270,-1,1269,1270,1271,-1,1271,1270,1272,-1,1271,1272,1273,-1,1273,1272,1274,-1,1273,1274,1275,-1,1275,1274,1276,-1,1275,1276,1277,-1,1277,1276,1278,-1,1277,1278,1279,-1,1280,1279,1281,-1,1281,1279,1278,-1,1282,1280,1283,-1,1283,1280,1281,-1,1284,1282,1285,-1,1285,1282,1283,-1,1286,1284,1287,-1,1287,1284,1285,-1,1288,1286,1289,-1,1289,1286,1287,-1,1246,1248,1251,-1,1279,1280,1266,-1,1280,1251,1250,-1,1284,1286,1290,-1,1290,1286,1288,-1,1257,1259,1261,-1,1266,1280,1265,-1,1265,1280,1250,-1,1265,1250,1263,-1,1273,1266,1271,-1,1271,1266,1269,-1,1284,1228,1230,-1,1273,1275,1266,-1,1266,1275,1277,-1,1266,1277,1279,-1,1228,1284,1226,-1,1226,1284,1290,-1,1226,1290,1224,-1,1263,1250,1261,-1,1261,1250,1255,-1,1261,1255,1257,-1,1230,1232,1284,-1,1284,1232,1234,-1,1284,1234,1282,-1,1282,1234,1236,-1,1282,1236,1280,-1,1280,1236,1238,-1,1238,1240,1280,-1,1280,1240,1242,-1,1280,1242,1251,-1,1251,1242,1244,-1,1251,1244,1246,-1,1252,1253,1281,-1,1270,1268,1267,-1,1289,1287,1291,-1,1291,1287,1285,-1,1267,1278,1276,-1,1264,1252,1267,-1,1267,1252,1281,-1,1267,1281,1278,-1,1233,1231,1285,-1,1285,1231,1229,-1,1285,1229,1291,-1,1291,1229,1227,-1,1291,1227,1225,-1,1276,1274,1267,-1,1267,1274,1272,-1,1267,1272,1270,-1,1260,1258,1256,-1,1249,1247,1253,-1,1253,1247,1245,-1,1253,1245,1281,-1,1281,1245,1243,-1,1243,1241,1281,-1,1281,1241,1239,-1,1281,1239,1283,-1,1283,1239,1237,-1,1283,1237,1285,-1,1285,1237,1235,-1,1285,1235,1233,-1,1264,1262,1252,-1,1252,1262,1260,-1,1252,1260,1254,-1,1254,1260,1256,-1,1292,1293,1294,-1,1294,1293,1295,-1,1294,1295,1296,-1,1296,1295,1297,-1,1296,1297,1298,-1,1298,1297,1299,-1,1298,1299,1300,-1,1300,1299,1301,-1,1300,1301,1302,-1,1302,1301,1303,-1,1302,1303,1304,-1,1304,1303,1305,-1,1304,1305,1306,-1,1306,1305,1307,-1,1306,1307,1308,-1,1308,1307,1309,-1,1308,1309,1310,-1,1310,1309,1311,-1,1310,1311,1312,-1,1312,1311,1313,-1,1312,1313,1314,-1,1314,1313,1315,-1,1314,1315,1316,-1,1316,1315,1317,-1,1318,1319,1320,-1,1320,1319,1321,-1,1318,1320,1322,-1,1318,1322,1323,-1,1323,1322,1324,-1,1323,1324,1325,-1,1325,1324,1326,-1,1325,1326,1327,-1,1327,1326,1328,-1,1327,1328,1329,-1,1329,1328,1330,-1,1329,1330,1331,-1,1331,1330,1332,-1,1331,1332,1333,-1,1334,1333,1335,-1,1335,1333,1332,-1,1334,1335,1336,-1,1334,1336,1337,-1,1337,1336,1338,-1,1337,1338,1339,-1,1339,1338,1340,-1,1339,1340,1341,-1,1341,1340,1342,-1,1341,1342,1343,-1,1343,1342,1344,-1,1343,1344,1345,-1,1345,1344,1346,-1,1345,1346,1347,-1,1348,1347,1349,-1,1349,1347,1346,-1,1350,1348,1351,-1,1351,1348,1349,-1,1352,1350,1353,-1,1353,1350,1351,-1,1354,1352,1355,-1,1355,1352,1353,-1,1356,1354,1357,-1,1357,1354,1355,-1,1314,1316,1319,-1,1347,1348,1334,-1,1348,1319,1318,-1,1352,1354,1358,-1,1358,1354,1356,-1,1325,1327,1329,-1,1334,1348,1333,-1,1333,1348,1318,-1,1333,1318,1331,-1,1341,1334,1339,-1,1339,1334,1337,-1,1352,1296,1298,-1,1341,1343,1334,-1,1334,1343,1345,-1,1334,1345,1347,-1,1296,1352,1294,-1,1294,1352,1358,-1,1294,1358,1292,-1,1331,1318,1329,-1,1329,1318,1323,-1,1329,1323,1325,-1,1298,1300,1352,-1,1352,1300,1302,-1,1352,1302,1350,-1,1350,1302,1304,-1,1350,1304,1348,-1,1348,1304,1306,-1,1306,1308,1348,-1,1348,1308,1310,-1,1348,1310,1319,-1,1319,1310,1312,-1,1319,1312,1314,-1,1320,1321,1349,-1,1338,1336,1335,-1,1357,1355,1359,-1,1359,1355,1353,-1,1335,1346,1344,-1,1332,1320,1335,-1,1335,1320,1349,-1,1335,1349,1346,-1,1301,1299,1353,-1,1353,1299,1297,-1,1353,1297,1359,-1,1359,1297,1295,-1,1359,1295,1293,-1,1344,1342,1335,-1,1335,1342,1340,-1,1335,1340,1338,-1,1328,1326,1324,-1,1317,1315,1321,-1,1321,1315,1313,-1,1321,1313,1349,-1,1349,1313,1311,-1,1311,1309,1349,-1,1349,1309,1307,-1,1349,1307,1351,-1,1351,1307,1305,-1,1351,1305,1353,-1,1353,1305,1303,-1,1353,1303,1301,-1,1332,1330,1320,-1,1320,1330,1328,-1,1320,1328,1322,-1,1322,1328,1324,-1,1360,1361,1362,-1,1362,1361,1363,-1,1362,1363,1364,-1,1364,1363,1365,-1,1364,1365,1366,-1,1366,1365,1367,-1,1366,1367,1368,-1,1368,1367,1369,-1,1368,1369,1370,-1,1370,1369,1371,-1,1370,1371,1372,-1,1372,1371,1373,-1,1372,1373,1374,-1,1374,1373,1375,-1,1374,1375,1376,-1,1376,1375,1377,-1,1376,1377,1378,-1,1378,1377,1379,-1,1378,1379,1380,-1,1380,1379,1381,-1,1380,1381,1382,-1,1382,1381,1383,-1,1382,1383,1384,-1,1384,1383,1385,-1,1386,1387,1388,-1,1388,1387,1389,-1,1386,1388,1390,-1,1386,1390,1391,-1,1391,1390,1392,-1,1391,1392,1393,-1,1393,1392,1394,-1,1393,1394,1395,-1,1395,1394,1396,-1,1395,1396,1397,-1,1397,1396,1398,-1,1397,1398,1399,-1,1399,1398,1400,-1,1399,1400,1401,-1,1402,1401,1403,-1,1403,1401,1400,-1,1402,1403,1404,-1,1402,1404,1405,-1,1405,1404,1406,-1,1405,1406,1407,-1,1407,1406,1408,-1,1407,1408,1409,-1,1409,1408,1410,-1,1409,1410,1411,-1,1411,1410,1412,-1,1411,1412,1413,-1,1413,1412,1414,-1,1413,1414,1415,-1,1416,1415,1417,-1,1417,1415,1414,-1,1418,1416,1419,-1,1419,1416,1417,-1,1420,1418,1421,-1,1421,1418,1419,-1,1422,1420,1423,-1,1423,1420,1421,-1,1424,1422,1425,-1,1425,1422,1423,-1,1382,1384,1387,-1,1415,1416,1402,-1,1416,1387,1386,-1,1420,1422,1426,-1,1426,1422,1424,-1,1393,1395,1397,-1,1402,1416,1401,-1,1401,1416,1386,-1,1401,1386,1399,-1,1409,1402,1407,-1,1407,1402,1405,-1,1420,1364,1366,-1,1409,1411,1402,-1,1402,1411,1413,-1,1402,1413,1415,-1,1364,1420,1362,-1,1362,1420,1426,-1,1362,1426,1360,-1,1399,1386,1397,-1,1397,1386,1391,-1,1397,1391,1393,-1,1366,1368,1420,-1,1420,1368,1370,-1,1420,1370,1418,-1,1418,1370,1372,-1,1418,1372,1416,-1,1416,1372,1374,-1,1374,1376,1416,-1,1416,1376,1378,-1,1416,1378,1387,-1,1387,1378,1380,-1,1387,1380,1382,-1,1388,1389,1417,-1,1406,1404,1403,-1,1425,1423,1427,-1,1427,1423,1421,-1,1403,1414,1412,-1,1400,1388,1403,-1,1403,1388,1417,-1,1403,1417,1414,-1,1369,1367,1421,-1,1421,1367,1365,-1,1421,1365,1427,-1,1427,1365,1363,-1,1427,1363,1361,-1,1412,1410,1403,-1,1403,1410,1408,-1,1403,1408,1406,-1,1396,1394,1392,-1,1385,1383,1389,-1,1389,1383,1381,-1,1389,1381,1417,-1,1417,1381,1379,-1,1379,1377,1417,-1,1417,1377,1375,-1,1417,1375,1419,-1,1419,1375,1373,-1,1419,1373,1421,-1,1421,1373,1371,-1,1421,1371,1369,-1,1400,1398,1388,-1,1388,1398,1396,-1,1388,1396,1390,-1,1390,1396,1392,-1,1428,1429,1430,-1,1430,1429,1431,-1,1430,1431,1432,-1,1432,1431,1433,-1,1432,1433,1434,-1,1434,1433,1435,-1,1434,1435,1436,-1,1436,1435,1437,-1,1436,1437,1438,-1,1438,1437,1439,-1,1438,1439,1440,-1,1440,1439,1441,-1,1440,1441,1442,-1,1442,1441,1443,-1,1442,1443,1444,-1,1444,1443,1445,-1,1444,1445,1446,-1,1446,1445,1447,-1,1446,1447,1448,-1,1448,1447,1449,-1,1448,1449,1450,-1,1450,1449,1451,-1,1450,1451,1452,-1,1452,1451,1453,-1,1454,1455,1456,-1,1456,1455,1457,-1,1454,1456,1458,-1,1454,1458,1459,-1,1459,1458,1460,-1,1459,1460,1461,-1,1461,1460,1462,-1,1461,1462,1463,-1,1463,1462,1464,-1,1463,1464,1465,-1,1465,1464,1466,-1,1465,1466,1467,-1,1467,1466,1468,-1,1467,1468,1469,-1,1470,1469,1471,-1,1471,1469,1468,-1,1470,1471,1472,-1,1470,1472,1473,-1,1473,1472,1474,-1,1473,1474,1475,-1,1475,1474,1476,-1,1475,1476,1477,-1,1477,1476,1478,-1,1477,1478,1479,-1,1479,1478,1480,-1,1479,1480,1481,-1,1481,1480,1482,-1,1481,1482,1483,-1,1484,1483,1485,-1,1485,1483,1482,-1,1486,1484,1487,-1,1487,1484,1485,-1,1488,1486,1489,-1,1489,1486,1487,-1,1490,1488,1491,-1,1491,1488,1489,-1,1492,1490,1493,-1,1493,1490,1491,-1,1450,1452,1455,-1,1483,1484,1470,-1,1484,1455,1454,-1,1488,1490,1494,-1,1494,1490,1492,-1,1461,1463,1465,-1,1470,1484,1469,-1,1469,1484,1454,-1,1469,1454,1467,-1,1477,1470,1475,-1,1475,1470,1473,-1,1488,1432,1434,-1,1477,1479,1470,-1,1470,1479,1481,-1,1470,1481,1483,-1,1432,1488,1430,-1,1430,1488,1494,-1,1430,1494,1428,-1,1467,1454,1465,-1,1465,1454,1459,-1,1465,1459,1461,-1,1434,1436,1488,-1,1488,1436,1438,-1,1488,1438,1486,-1,1486,1438,1440,-1,1486,1440,1484,-1,1484,1440,1442,-1,1442,1444,1484,-1,1484,1444,1446,-1,1484,1446,1455,-1,1455,1446,1448,-1,1455,1448,1450,-1,1456,1457,1485,-1,1474,1472,1471,-1,1493,1491,1495,-1,1495,1491,1489,-1,1471,1482,1480,-1,1468,1456,1471,-1,1471,1456,1485,-1,1471,1485,1482,-1,1437,1435,1489,-1,1489,1435,1433,-1,1489,1433,1495,-1,1495,1433,1431,-1,1495,1431,1429,-1,1480,1478,1471,-1,1471,1478,1476,-1,1471,1476,1474,-1,1464,1462,1460,-1,1453,1451,1457,-1,1457,1451,1449,-1,1457,1449,1485,-1,1485,1449,1447,-1,1447,1445,1485,-1,1485,1445,1443,-1,1485,1443,1487,-1,1487,1443,1441,-1,1487,1441,1489,-1,1489,1441,1439,-1,1489,1439,1437,-1,1468,1466,1456,-1,1456,1466,1464,-1,1456,1464,1458,-1,1458,1464,1460,-1,1496,1497,1498,-1,1498,1497,1499,-1,1498,1499,1500,-1,1500,1499,1501,-1,1500,1501,1502,-1,1502,1501,1503,-1,1502,1503,1504,-1,1504,1503,1505,-1,1504,1505,1506,-1,1506,1505,1507,-1,1506,1507,1508,-1,1508,1507,1509,-1,1508,1509,1510,-1,1510,1509,1511,-1,1510,1511,1512,-1,1512,1511,1513,-1,1512,1513,1514,-1,1514,1513,1515,-1,1514,1515,1516,-1,1516,1515,1517,-1,1516,1517,1518,-1,1518,1517,1519,-1,1518,1519,1520,-1,1520,1519,1521,-1,1522,1523,1524,-1,1524,1523,1525,-1,1522,1524,1526,-1,1522,1526,1527,-1,1527,1526,1528,-1,1527,1528,1529,-1,1529,1528,1530,-1,1529,1530,1531,-1,1531,1530,1532,-1,1531,1532,1533,-1,1533,1532,1534,-1,1533,1534,1535,-1,1535,1534,1536,-1,1535,1536,1537,-1,1538,1537,1539,-1,1539,1537,1536,-1,1538,1539,1540,-1,1538,1540,1541,-1,1541,1540,1542,-1,1541,1542,1543,-1,1543,1542,1544,-1,1543,1544,1545,-1,1545,1544,1546,-1,1545,1546,1547,-1,1547,1546,1548,-1,1547,1548,1549,-1,1549,1548,1550,-1,1549,1550,1551,-1,1552,1551,1553,-1,1553,1551,1550,-1,1554,1552,1555,-1,1555,1552,1553,-1,1556,1554,1557,-1,1557,1554,1555,-1,1558,1556,1559,-1,1559,1556,1557,-1,1560,1558,1561,-1,1561,1558,1559,-1,1518,1520,1523,-1,1551,1552,1538,-1,1552,1523,1522,-1,1556,1558,1562,-1,1562,1558,1560,-1,1529,1531,1533,-1,1538,1552,1537,-1,1537,1552,1522,-1,1537,1522,1535,-1,1545,1538,1543,-1,1543,1538,1541,-1,1556,1500,1502,-1,1545,1547,1538,-1,1538,1547,1549,-1,1538,1549,1551,-1,1500,1556,1498,-1,1498,1556,1562,-1,1498,1562,1496,-1,1535,1522,1533,-1,1533,1522,1527,-1,1533,1527,1529,-1,1502,1504,1556,-1,1556,1504,1506,-1,1556,1506,1554,-1,1554,1506,1508,-1,1554,1508,1552,-1,1552,1508,1510,-1,1510,1512,1552,-1,1552,1512,1514,-1,1552,1514,1523,-1,1523,1514,1516,-1,1523,1516,1518,-1,1524,1525,1553,-1,1542,1540,1539,-1,1561,1559,1563,-1,1563,1559,1557,-1,1539,1550,1548,-1,1536,1524,1539,-1,1539,1524,1553,-1,1539,1553,1550,-1,1505,1503,1557,-1,1557,1503,1501,-1,1557,1501,1563,-1,1563,1501,1499,-1,1563,1499,1497,-1,1548,1546,1539,-1,1539,1546,1544,-1,1539,1544,1542,-1,1532,1530,1528,-1,1521,1519,1525,-1,1525,1519,1517,-1,1525,1517,1553,-1,1553,1517,1515,-1,1515,1513,1553,-1,1553,1513,1511,-1,1553,1511,1555,-1,1555,1511,1509,-1,1555,1509,1557,-1,1557,1509,1507,-1,1557,1507,1505,-1,1536,1534,1524,-1,1524,1534,1532,-1,1524,1532,1526,-1,1526,1532,1528,-1,1564,1565,1566,-1,1566,1565,1567,-1,1568,1569,1566,-1,1568,1566,1570,-1,1571,1567,1572,-1,1573,1574,1566,-1,1567,1571,1566,-1,1566,1571,1575,-1,1566,1575,1573,-1,1574,1576,1566,-1,1566,1576,1577,-1,1566,1577,1570,-1,1578,1579,1580,-1,1572,1581,1571,-1,1571,1581,1578,-1,1571,1578,1582,-1,1582,1578,1580,-1,1572,1567,1583,-1,1583,1567,1565,-1,1584,1583,1585,-1,1585,1583,1565,-1,1585,1565,1586,-1,1586,1565,1564,-1,1586,1564,1587,-1,1588,1589,1590,-1,1591,1592,1564,-1,1564,1592,1593,-1,1564,1593,1594,-1,1584,1585,1590,-1,1590,1585,1595,-1,1590,1595,1588,-1,1594,1596,1564,-1,1564,1596,1597,-1,1564,1597,1587,-1,1592,1591,1568,-1,1568,1591,1569,-1,1585,1586,1571,-1,1571,1586,1575,-1,1598,1599,1600,-1,1600,1599,1601,-1,1602,1603,1600,-1,1602,1600,1604,-1,1605,1606,1600,-1,1600,1606,1607,-1,1600,1607,1608,-1,1608,1609,1600,-1,1600,1609,1610,-1,1600,1610,1604,-1,1600,1601,1605,-1,1605,1601,1611,-1,1605,1611,1612,-1,1612,1613,1605,-1,1605,1613,1614,-1,1605,1614,1615,-1,1615,1614,1616,-1,1611,1601,1617,-1,1617,1601,1599,-1,1618,1599,1619,-1,1619,1599,1598,-1,1619,1598,1620,-1,1621,1622,1618,-1,1618,1622,1617,-1,1618,1617,1599,-1,1623,1624,1598,-1,1598,1624,1625,-1,1598,1625,1626,-1,1621,1618,1627,-1,1627,1618,1628,-1,1627,1628,1629,-1,1626,1630,1598,-1,1598,1630,1631,-1,1598,1631,1620,-1,1624,1623,1602,-1,1602,1623,1603,-1,1618,1619,1605,-1,1605,1619,1606,-1,1632,1633,1634,-1,1634,1633,1635,-1,1636,1637,1634,-1,1636,1634,1638,-1,1639,1640,1634,-1,1634,1640,1641,-1,1634,1641,1642,-1,1642,1643,1634,-1,1634,1643,1644,-1,1634,1644,1638,-1,1634,1635,1639,-1,1639,1635,1645,-1,1639,1645,1646,-1,1646,1647,1639,-1,1639,1647,1648,-1,1639,1648,1649,-1,1649,1648,1650,-1,1645,1635,1651,-1,1651,1635,1633,-1,1652,1633,1653,-1,1653,1633,1632,-1,1653,1632,1654,-1,1655,1656,1652,-1,1652,1656,1651,-1,1652,1651,1633,-1,1657,1658,1632,-1,1632,1658,1659,-1,1632,1659,1660,-1,1655,1652,1661,-1,1661,1652,1662,-1,1661,1662,1663,-1,1660,1664,1632,-1,1632,1664,1665,-1,1632,1665,1654,-1,1658,1657,1636,-1,1636,1657,1637,-1,1652,1653,1639,-1,1639,1653,1640,-1,1666,1667,1668,-1,1668,1667,1669,-1,1670,1671,1668,-1,1670,1668,1672,-1,1673,1669,1674,-1,1675,1676,1668,-1,1669,1673,1668,-1,1668,1673,1677,-1,1668,1677,1675,-1,1676,1678,1668,-1,1668,1678,1679,-1,1668,1679,1672,-1,1680,1681,1682,-1,1674,1683,1673,-1,1673,1683,1680,-1,1673,1680,1684,-1,1684,1680,1682,-1,1674,1669,1685,-1,1685,1669,1667,-1,1686,1685,1687,-1,1687,1685,1667,-1,1687,1667,1688,-1,1688,1667,1666,-1,1688,1666,1689,-1,1690,1691,1692,-1,1693,1694,1666,-1,1666,1694,1695,-1,1666,1695,1696,-1,1686,1687,1692,-1,1692,1687,1697,-1,1692,1697,1690,-1,1696,1698,1666,-1,1666,1698,1699,-1,1666,1699,1689,-1,1694,1693,1670,-1,1670,1693,1671,-1,1687,1688,1673,-1,1673,1688,1677,-1,1700,1701,1702,-1,1702,1701,1703,-1,1704,1705,1702,-1,1704,1702,1706,-1,1707,1703,1708,-1,1709,1710,1702,-1,1703,1707,1702,-1,1702,1707,1711,-1,1702,1711,1709,-1,1710,1712,1702,-1,1702,1712,1713,-1,1702,1713,1706,-1,1714,1715,1716,-1,1708,1717,1707,-1,1707,1717,1714,-1,1707,1714,1718,-1,1718,1714,1716,-1,1708,1703,1719,-1,1719,1703,1701,-1,1720,1719,1721,-1,1721,1719,1701,-1,1721,1701,1722,-1,1722,1701,1700,-1,1722,1700,1723,-1,1724,1725,1726,-1,1727,1728,1700,-1,1700,1728,1729,-1,1700,1729,1730,-1,1720,1721,1726,-1,1726,1721,1731,-1,1726,1731,1724,-1,1730,1732,1700,-1,1700,1732,1733,-1,1700,1733,1723,-1,1728,1727,1704,-1,1704,1727,1705,-1,1721,1722,1707,-1,1707,1722,1711,-1,1734,1735,1736,-1,1736,1735,1737,-1,1738,1739,1736,-1,1738,1736,1740,-1,1741,1737,1742,-1,1743,1744,1736,-1,1737,1741,1736,-1,1736,1741,1745,-1,1736,1745,1743,-1,1744,1746,1736,-1,1736,1746,1747,-1,1736,1747,1740,-1,1748,1749,1750,-1,1742,1751,1741,-1,1741,1751,1748,-1,1741,1748,1752,-1,1752,1748,1750,-1,1742,1737,1753,-1,1753,1737,1735,-1,1754,1753,1755,-1,1755,1753,1735,-1,1755,1735,1756,-1,1756,1735,1734,-1,1756,1734,1757,-1,1758,1759,1760,-1,1761,1762,1734,-1,1734,1762,1763,-1,1734,1763,1764,-1,1754,1755,1760,-1,1760,1755,1765,-1,1760,1765,1758,-1,1764,1766,1734,-1,1734,1766,1767,-1,1734,1767,1757,-1,1762,1761,1738,-1,1738,1761,1739,-1,1755,1756,1741,-1,1741,1756,1745,-1,1768,1769,1770,-1,1770,1769,1771,-1,1772,1773,1770,-1,1772,1770,1774,-1,1775,1771,1776,-1,1777,1778,1770,-1,1771,1775,1770,-1,1770,1775,1779,-1,1770,1779,1777,-1,1778,1780,1770,-1,1770,1780,1781,-1,1770,1781,1774,-1,1782,1783,1784,-1,1776,1785,1775,-1,1775,1785,1782,-1,1775,1782,1786,-1,1786,1782,1784,-1,1776,1771,1787,-1,1787,1771,1769,-1,1788,1787,1789,-1,1789,1787,1769,-1,1789,1769,1790,-1,1790,1769,1768,-1,1790,1768,1791,-1,1792,1793,1794,-1,1795,1796,1768,-1,1768,1796,1797,-1,1768,1797,1798,-1,1788,1789,1794,-1,1794,1789,1799,-1,1794,1799,1792,-1,1798,1800,1768,-1,1768,1800,1801,-1,1768,1801,1791,-1,1796,1795,1772,-1,1772,1795,1773,-1,1789,1790,1775,-1,1775,1790,1779,-1,1802,1803,1804,-1,1804,1803,1805,-1,1806,1807,1804,-1,1806,1804,1808,-1,1809,1810,1804,-1,1804,1810,1811,-1,1804,1811,1812,-1,1812,1813,1804,-1,1804,1813,1814,-1,1804,1814,1808,-1,1804,1805,1809,-1,1809,1805,1815,-1,1809,1815,1816,-1,1816,1817,1809,-1,1809,1817,1818,-1,1809,1818,1819,-1,1819,1818,1820,-1,1815,1805,1821,-1,1821,1805,1803,-1,1822,1803,1823,-1,1823,1803,1802,-1,1823,1802,1824,-1,1825,1826,1822,-1,1822,1826,1821,-1,1822,1821,1803,-1,1827,1828,1802,-1,1802,1828,1829,-1,1802,1829,1830,-1,1825,1822,1831,-1,1831,1822,1832,-1,1831,1832,1833,-1,1830,1834,1802,-1,1802,1834,1835,-1,1802,1835,1824,-1,1828,1827,1806,-1,1806,1827,1807,-1,1822,1823,1809,-1,1809,1823,1810,-1,1836,1837,1838,-1,1838,1837,1839,-1,1840,1841,1838,-1,1840,1838,1842,-1,1843,1844,1838,-1,1838,1844,1845,-1,1838,1845,1846,-1,1846,1847,1838,-1,1838,1847,1848,-1,1838,1848,1842,-1,1838,1839,1843,-1,1843,1839,1849,-1,1843,1849,1850,-1,1850,1851,1843,-1,1843,1851,1852,-1,1843,1852,1853,-1,1853,1852,1854,-1,1849,1839,1855,-1,1855,1839,1837,-1,1856,1837,1857,-1,1857,1837,1836,-1,1857,1836,1858,-1,1859,1860,1856,-1,1856,1860,1855,-1,1856,1855,1837,-1,1861,1862,1836,-1,1836,1862,1863,-1,1836,1863,1864,-1,1859,1856,1865,-1,1865,1856,1866,-1,1865,1866,1867,-1,1864,1868,1836,-1,1836,1868,1869,-1,1836,1869,1858,-1,1862,1861,1840,-1,1840,1861,1841,-1,1856,1857,1843,-1,1843,1857,1844,-1,1870,1871,1872,-1,1872,1871,1873,-1,1874,1875,1872,-1,1874,1872,1876,-1,1877,1878,1872,-1,1872,1878,1879,-1,1872,1879,1880,-1,1880,1881,1872,-1,1872,1881,1882,-1,1872,1882,1876,-1,1872,1873,1877,-1,1877,1873,1883,-1,1877,1883,1884,-1,1884,1885,1877,-1,1877,1885,1886,-1,1877,1886,1887,-1,1887,1886,1888,-1,1883,1873,1889,-1,1889,1873,1871,-1,1890,1871,1891,-1,1891,1871,1870,-1,1891,1870,1892,-1,1893,1894,1890,-1,1890,1894,1889,-1,1890,1889,1871,-1,1895,1896,1870,-1,1870,1896,1897,-1,1870,1897,1898,-1,1893,1890,1899,-1,1899,1890,1900,-1,1899,1900,1901,-1,1898,1902,1870,-1,1870,1902,1903,-1,1870,1903,1892,-1,1896,1895,1874,-1,1874,1895,1875,-1,1890,1891,1877,-1,1877,1891,1878,-1,1904,1905,1906,-1,1906,1905,1907,-1,1908,1909,1906,-1,1908,1906,1910,-1,1911,1912,1906,-1,1906,1912,1913,-1,1906,1913,1914,-1,1914,1915,1906,-1,1906,1915,1916,-1,1906,1916,1910,-1,1906,1907,1911,-1,1911,1907,1917,-1,1911,1917,1918,-1,1918,1919,1911,-1,1911,1919,1920,-1,1911,1920,1921,-1,1921,1920,1922,-1,1917,1907,1923,-1,1923,1907,1905,-1,1924,1905,1925,-1,1925,1905,1904,-1,1925,1904,1926,-1,1927,1928,1924,-1,1924,1928,1923,-1,1924,1923,1905,-1,1929,1930,1904,-1,1904,1930,1931,-1,1904,1931,1932,-1,1927,1924,1933,-1,1933,1924,1934,-1,1933,1934,1935,-1,1932,1936,1904,-1,1904,1936,1937,-1,1904,1937,1926,-1,1930,1929,1908,-1,1908,1929,1909,-1,1924,1925,1911,-1,1911,1925,1912,-1,1938,1939,1940,-1,1940,1939,1941,-1,1942,1943,1940,-1,1942,1940,1944,-1,1945,1946,1940,-1,1940,1946,1947,-1,1940,1947,1948,-1,1948,1949,1940,-1,1940,1949,1950,-1,1940,1950,1944,-1,1940,1941,1945,-1,1945,1941,1951,-1,1945,1951,1952,-1,1952,1953,1945,-1,1945,1953,1954,-1,1945,1954,1955,-1,1955,1954,1956,-1,1951,1941,1957,-1,1957,1941,1939,-1,1958,1939,1959,-1,1959,1939,1938,-1,1959,1938,1960,-1,1961,1962,1958,-1,1958,1962,1957,-1,1958,1957,1939,-1,1963,1964,1938,-1,1938,1964,1965,-1,1938,1965,1966,-1,1961,1958,1967,-1,1967,1958,1968,-1,1967,1968,1969,-1,1966,1970,1938,-1,1938,1970,1971,-1,1938,1971,1960,-1,1964,1963,1942,-1,1942,1963,1943,-1,1958,1959,1945,-1,1945,1959,1946,-1,1972,1973,1974,-1,1974,1973,1975,-1,1976,1977,1974,-1,1976,1974,1978,-1,1979,1980,1974,-1,1974,1980,1981,-1,1974,1981,1982,-1,1982,1983,1974,-1,1974,1983,1984,-1,1974,1984,1978,-1,1974,1975,1979,-1,1979,1975,1985,-1,1979,1985,1986,-1,1986,1987,1979,-1,1979,1987,1988,-1,1979,1988,1989,-1,1989,1988,1990,-1,1985,1975,1991,-1,1991,1975,1973,-1,1992,1973,1993,-1,1993,1973,1972,-1,1993,1972,1994,-1,1995,1996,1992,-1,1992,1996,1991,-1,1992,1991,1973,-1,1997,1998,1972,-1,1972,1998,1999,-1,1972,1999,2000,-1,1995,1992,2001,-1,2001,1992,2002,-1,2001,2002,2003,-1,2000,2004,1972,-1,1972,2004,2005,-1,1972,2005,1994,-1,1998,1997,1976,-1,1976,1997,1977,-1,1992,1993,1979,-1,1979,1993,1980,-1,2006,2007,2008,-1,2008,2007,2009,-1,2010,2011,2008,-1,2010,2008,2012,-1,2013,2014,2008,-1,2008,2014,2015,-1,2008,2015,2016,-1,2016,2017,2008,-1,2008,2017,2018,-1,2008,2018,2012,-1,2008,2009,2013,-1,2013,2009,2019,-1,2013,2019,2020,-1,2020,2021,2013,-1,2013,2021,2022,-1,2013,2022,2023,-1,2023,2022,2024,-1,2019,2009,2025,-1,2025,2009,2007,-1,2026,2007,2027,-1,2027,2007,2006,-1,2027,2006,2028,-1,2029,2030,2026,-1,2026,2030,2025,-1,2026,2025,2007,-1,2031,2032,2006,-1,2006,2032,2033,-1,2006,2033,2034,-1,2029,2026,2035,-1,2035,2026,2036,-1,2035,2036,2037,-1,2034,2038,2006,-1,2006,2038,2039,-1,2006,2039,2028,-1,2032,2031,2010,-1,2010,2031,2011,-1,2026,2027,2013,-1,2013,2027,2014,-1,2040,2041,2042,-1,2042,2041,2043,-1,2044,2045,2042,-1,2044,2042,2046,-1,2047,2048,2042,-1,2042,2048,2049,-1,2042,2049,2050,-1,2050,2051,2042,-1,2042,2051,2052,-1,2042,2052,2046,-1,2042,2043,2047,-1,2047,2043,2053,-1,2047,2053,2054,-1,2054,2055,2047,-1,2047,2055,2056,-1,2047,2056,2057,-1,2057,2056,2058,-1,2053,2043,2059,-1,2059,2043,2041,-1,2060,2041,2061,-1,2061,2041,2040,-1,2061,2040,2062,-1,2063,2064,2060,-1,2060,2064,2059,-1,2060,2059,2041,-1,2065,2066,2040,-1,2040,2066,2067,-1,2040,2067,2068,-1,2063,2060,2069,-1,2069,2060,2070,-1,2069,2070,2071,-1,2068,2072,2040,-1,2040,2072,2073,-1,2040,2073,2062,-1,2066,2065,2044,-1,2044,2065,2045,-1,2060,2061,2047,-1,2047,2061,2048,-1,2074,2075,2076,-1,2076,2075,2077,-1,2078,2079,2076,-1,2078,2076,2080,-1,2081,2082,2076,-1,2076,2082,2083,-1,2076,2083,2084,-1,2084,2085,2076,-1,2076,2085,2086,-1,2076,2086,2080,-1,2076,2077,2081,-1,2081,2077,2087,-1,2081,2087,2088,-1,2088,2089,2081,-1,2081,2089,2090,-1,2081,2090,2091,-1,2091,2090,2092,-1,2087,2077,2093,-1,2093,2077,2075,-1,2094,2075,2095,-1,2095,2075,2074,-1,2095,2074,2096,-1,2097,2098,2094,-1,2094,2098,2093,-1,2094,2093,2075,-1,2099,2100,2074,-1,2074,2100,2101,-1,2074,2101,2102,-1,2097,2094,2103,-1,2103,2094,2104,-1,2103,2104,2105,-1,2102,2106,2074,-1,2074,2106,2107,-1,2074,2107,2096,-1,2100,2099,2078,-1,2078,2099,2079,-1,2094,2095,2081,-1,2081,2095,2082,-1,2108,2109,2110,-1,2110,2109,2111,-1,2112,2113,2110,-1,2112,2110,2114,-1,2115,2116,2110,-1,2110,2116,2117,-1,2110,2117,2118,-1,2118,2119,2110,-1,2110,2119,2120,-1,2110,2120,2114,-1,2110,2111,2115,-1,2115,2111,2121,-1,2115,2121,2122,-1,2122,2123,2115,-1,2115,2123,2124,-1,2115,2124,2125,-1,2125,2124,2126,-1,2121,2111,2127,-1,2127,2111,2109,-1,2128,2109,2129,-1,2129,2109,2108,-1,2129,2108,2130,-1,2131,2132,2128,-1,2128,2132,2127,-1,2128,2127,2109,-1,2133,2134,2108,-1,2108,2134,2135,-1,2108,2135,2136,-1,2131,2128,2137,-1,2137,2128,2138,-1,2137,2138,2139,-1,2136,2140,2108,-1,2108,2140,2141,-1,2108,2141,2130,-1,2134,2133,2112,-1,2112,2133,2113,-1,2128,2129,2115,-1,2115,2129,2116,-1,2142,2143,2144,-1,2144,2143,2145,-1,2146,2147,2144,-1,2146,2144,2148,-1,2149,2150,2144,-1,2144,2150,2151,-1,2144,2151,2152,-1,2152,2153,2144,-1,2144,2153,2154,-1,2144,2154,2148,-1,2144,2145,2149,-1,2149,2145,2155,-1,2149,2155,2156,-1,2156,2157,2149,-1,2149,2157,2158,-1,2149,2158,2159,-1,2159,2158,2160,-1,2155,2145,2161,-1,2161,2145,2143,-1,2162,2143,2163,-1,2163,2143,2142,-1,2163,2142,2164,-1,2165,2166,2162,-1,2162,2166,2161,-1,2162,2161,2143,-1,2167,2168,2142,-1,2142,2168,2169,-1,2142,2169,2170,-1,2165,2162,2171,-1,2171,2162,2172,-1,2171,2172,2173,-1,2170,2174,2142,-1,2142,2174,2175,-1,2142,2175,2164,-1,2168,2167,2146,-1,2146,2167,2147,-1,2162,2163,2149,-1,2149,2163,2150,-1,2176,2177,2178,-1,2178,2177,2179,-1,2180,2181,2178,-1,2180,2178,2182,-1,2183,2184,2178,-1,2178,2184,2185,-1,2178,2185,2186,-1,2186,2187,2178,-1,2178,2187,2188,-1,2178,2188,2182,-1,2178,2179,2183,-1,2183,2179,2189,-1,2183,2189,2190,-1,2190,2191,2183,-1,2183,2191,2192,-1,2183,2192,2193,-1,2193,2192,2194,-1,2189,2179,2195,-1,2195,2179,2177,-1,2196,2177,2197,-1,2197,2177,2176,-1,2197,2176,2198,-1,2199,2200,2196,-1,2196,2200,2195,-1,2196,2195,2177,-1,2201,2202,2176,-1,2176,2202,2203,-1,2176,2203,2204,-1,2199,2196,2205,-1,2205,2196,2206,-1,2205,2206,2207,-1,2204,2208,2176,-1,2176,2208,2209,-1,2176,2209,2198,-1,2202,2201,2180,-1,2180,2201,2181,-1,2196,2197,2183,-1,2183,2197,2184,-1,2210,2211,2212,-1,2212,2211,2213,-1,2214,2215,2212,-1,2214,2212,2216,-1,2217,2218,2212,-1,2212,2218,2219,-1,2212,2219,2220,-1,2220,2221,2212,-1,2212,2221,2222,-1,2212,2222,2216,-1,2212,2213,2217,-1,2217,2213,2223,-1,2217,2223,2224,-1,2224,2225,2217,-1,2217,2225,2226,-1,2217,2226,2227,-1,2227,2226,2228,-1,2223,2213,2229,-1,2229,2213,2211,-1,2230,2211,2231,-1,2231,2211,2210,-1,2231,2210,2232,-1,2233,2234,2230,-1,2230,2234,2229,-1,2230,2229,2211,-1,2235,2236,2210,-1,2210,2236,2237,-1,2210,2237,2238,-1,2233,2230,2239,-1,2239,2230,2240,-1,2239,2240,2241,-1,2238,2242,2210,-1,2210,2242,2243,-1,2210,2243,2232,-1,2236,2235,2214,-1,2214,2235,2215,-1,2230,2231,2217,-1,2217,2231,2218,-1,2244,2245,2246,-1,2246,2245,2247,-1,2248,2249,2246,-1,2248,2246,2250,-1,2251,2252,2246,-1,2246,2252,2253,-1,2246,2253,2254,-1,2254,2255,2246,-1,2246,2255,2256,-1,2246,2256,2250,-1,2246,2247,2251,-1,2251,2247,2257,-1,2251,2257,2258,-1,2258,2259,2251,-1,2251,2259,2260,-1,2251,2260,2261,-1,2261,2260,2262,-1,2257,2247,2263,-1,2263,2247,2245,-1,2264,2245,2265,-1,2265,2245,2244,-1,2265,2244,2266,-1,2267,2268,2264,-1,2264,2268,2263,-1,2264,2263,2245,-1,2269,2270,2244,-1,2244,2270,2271,-1,2244,2271,2272,-1,2267,2264,2273,-1,2273,2264,2274,-1,2273,2274,2275,-1,2272,2276,2244,-1,2244,2276,2277,-1,2244,2277,2266,-1,2270,2269,2248,-1,2248,2269,2249,-1,2264,2265,2251,-1,2251,2265,2252,-1,2278,2279,2280,-1,2280,2279,2281,-1,2282,2283,2280,-1,2282,2280,2284,-1,2285,2286,2280,-1,2280,2286,2287,-1,2280,2287,2288,-1,2288,2289,2280,-1,2280,2289,2290,-1,2280,2290,2284,-1,2280,2281,2285,-1,2285,2281,2291,-1,2285,2291,2292,-1,2292,2293,2285,-1,2285,2293,2294,-1,2285,2294,2295,-1,2295,2294,2296,-1,2291,2281,2297,-1,2297,2281,2279,-1,2298,2279,2299,-1,2299,2279,2278,-1,2299,2278,2300,-1,2301,2302,2298,-1,2298,2302,2297,-1,2298,2297,2279,-1,2303,2304,2278,-1,2278,2304,2305,-1,2278,2305,2306,-1,2301,2298,2307,-1,2307,2298,2308,-1,2307,2308,2309,-1,2306,2310,2278,-1,2278,2310,2311,-1,2278,2311,2300,-1,2304,2303,2282,-1,2282,2303,2283,-1,2298,2299,2285,-1,2285,2299,2286,-1,2312,2313,2314,-1,2314,2313,2315,-1,2316,2317,2314,-1,2316,2314,2318,-1,2319,2320,2314,-1,2314,2320,2321,-1,2314,2321,2322,-1,2322,2323,2314,-1,2314,2323,2324,-1,2314,2324,2318,-1,2314,2315,2319,-1,2319,2315,2325,-1,2319,2325,2326,-1,2326,2327,2319,-1,2319,2327,2328,-1,2319,2328,2329,-1,2329,2328,2330,-1,2325,2315,2331,-1,2331,2315,2313,-1,2332,2313,2333,-1,2333,2313,2312,-1,2333,2312,2334,-1,2335,2336,2332,-1,2332,2336,2331,-1,2332,2331,2313,-1,2337,2338,2312,-1,2312,2338,2339,-1,2312,2339,2340,-1,2335,2332,2341,-1,2341,2332,2342,-1,2341,2342,2343,-1,2340,2344,2312,-1,2312,2344,2345,-1,2312,2345,2334,-1,2338,2337,2316,-1,2316,2337,2317,-1,2332,2333,2319,-1,2319,2333,2320,-1,1585,1571,1582,-1,1585,1582,1595,-1,1595,1582,1580,-1,1595,1580,1588,-1,1588,1580,1579,-1,1588,1579,1589,-1,1589,1579,1578,-1,1589,1578,1590,-1,1590,1578,1581,-1,1590,1581,1584,-1,1584,1581,1572,-1,1584,1572,1583,-1,1575,1586,1587,-1,1575,1587,1573,-1,1573,1587,1597,-1,1573,1597,1574,-1,1574,1597,1596,-1,1574,1596,1576,-1,1576,1596,1594,-1,1576,1594,1577,-1,1577,1594,1593,-1,1577,1593,1570,-1,1570,1593,1592,-1,1570,1592,1568,-1,1618,1605,1615,-1,1618,1615,1628,-1,1628,1615,1616,-1,1628,1616,1629,-1,1629,1616,1614,-1,1629,1614,1627,-1,1627,1614,1613,-1,1627,1613,1621,-1,1621,1613,1612,-1,1621,1612,1622,-1,1622,1612,1611,-1,1622,1611,1617,-1,1606,1619,1620,-1,1606,1620,1607,-1,1607,1620,1631,-1,1607,1631,1608,-1,1608,1631,1630,-1,1608,1630,1609,-1,1609,1630,1626,-1,1609,1626,1610,-1,1610,1626,1625,-1,1610,1625,1604,-1,1604,1625,1624,-1,1604,1624,1602,-1,1652,1639,1649,-1,1652,1649,1662,-1,1662,1649,1650,-1,1662,1650,1663,-1,1663,1650,1648,-1,1663,1648,1661,-1,1661,1648,1647,-1,1661,1647,1655,-1,1655,1647,1646,-1,1655,1646,1656,-1,1656,1646,1645,-1,1656,1645,1651,-1,1640,1653,1654,-1,1640,1654,1641,-1,1641,1654,1665,-1,1641,1665,1642,-1,1642,1665,1664,-1,1642,1664,1643,-1,1643,1664,1660,-1,1643,1660,1644,-1,1644,1660,1659,-1,1644,1659,1638,-1,1638,1659,1658,-1,1638,1658,1636,-1,1687,1673,1684,-1,1687,1684,1697,-1,1697,1684,1682,-1,1697,1682,1690,-1,1690,1682,1681,-1,1690,1681,1691,-1,1691,1681,1680,-1,1691,1680,1692,-1,1692,1680,1683,-1,1692,1683,1686,-1,1686,1683,1674,-1,1686,1674,1685,-1,1677,1688,1689,-1,1677,1689,1675,-1,1675,1689,1699,-1,1675,1699,1676,-1,1676,1699,1698,-1,1676,1698,1678,-1,1678,1698,1696,-1,1678,1696,1679,-1,1679,1696,1695,-1,1679,1695,1672,-1,1672,1695,1694,-1,1672,1694,1670,-1,1721,1707,1718,-1,1721,1718,1731,-1,1731,1718,1716,-1,1731,1716,1724,-1,1724,1716,1715,-1,1724,1715,1725,-1,1725,1715,1714,-1,1725,1714,1726,-1,1726,1714,1717,-1,1726,1717,1720,-1,1720,1717,1708,-1,1720,1708,1719,-1,1711,1722,1723,-1,1711,1723,1709,-1,1709,1723,1733,-1,1709,1733,1710,-1,1710,1733,1732,-1,1710,1732,1712,-1,1712,1732,1730,-1,1712,1730,1713,-1,1713,1730,1729,-1,1713,1729,1706,-1,1706,1729,1728,-1,1706,1728,1704,-1,1755,1741,1752,-1,1755,1752,1765,-1,1765,1752,1750,-1,1765,1750,1758,-1,1758,1750,1749,-1,1758,1749,1759,-1,1759,1749,1748,-1,1759,1748,1760,-1,1760,1748,1751,-1,1760,1751,1754,-1,1754,1751,1742,-1,1754,1742,1753,-1,1745,1756,1757,-1,1745,1757,1743,-1,1743,1757,1767,-1,1743,1767,1744,-1,1744,1767,1766,-1,1744,1766,1746,-1,1746,1766,1764,-1,1746,1764,1747,-1,1747,1764,1763,-1,1747,1763,1740,-1,1740,1763,1762,-1,1740,1762,1738,-1,1789,1775,1786,-1,1789,1786,1799,-1,1799,1786,1784,-1,1799,1784,1792,-1,1792,1784,1783,-1,1792,1783,1793,-1,1793,1783,1782,-1,1793,1782,1794,-1,1794,1782,1785,-1,1794,1785,1788,-1,1788,1785,1776,-1,1788,1776,1787,-1,1779,1790,1791,-1,1779,1791,1777,-1,1777,1791,1801,-1,1777,1801,1778,-1,1778,1801,1800,-1,1778,1800,1780,-1,1780,1800,1798,-1,1780,1798,1781,-1,1781,1798,1797,-1,1781,1797,1774,-1,1774,1797,1796,-1,1774,1796,1772,-1,1822,1809,1819,-1,1822,1819,1832,-1,1832,1819,1820,-1,1832,1820,1833,-1,1833,1820,1818,-1,1833,1818,1831,-1,1831,1818,1817,-1,1831,1817,1825,-1,1825,1817,1816,-1,1825,1816,1826,-1,1826,1816,1815,-1,1826,1815,1821,-1,1810,1823,1824,-1,1810,1824,1811,-1,1811,1824,1835,-1,1811,1835,1812,-1,1812,1835,1834,-1,1812,1834,1813,-1,1813,1834,1830,-1,1813,1830,1814,-1,1814,1830,1829,-1,1814,1829,1808,-1,1808,1829,1828,-1,1808,1828,1806,-1,1856,1843,1853,-1,1856,1853,1866,-1,1866,1853,1854,-1,1866,1854,1867,-1,1867,1854,1852,-1,1867,1852,1865,-1,1865,1852,1851,-1,1865,1851,1859,-1,1859,1851,1850,-1,1859,1850,1860,-1,1860,1850,1849,-1,1860,1849,1855,-1,1844,1857,1858,-1,1844,1858,1845,-1,1845,1858,1869,-1,1845,1869,1846,-1,1846,1869,1868,-1,1846,1868,1847,-1,1847,1868,1864,-1,1847,1864,1848,-1,1848,1864,1863,-1,1848,1863,1842,-1,1842,1863,1862,-1,1842,1862,1840,-1,1890,1877,1887,-1,1890,1887,1900,-1,1900,1887,1888,-1,1900,1888,1901,-1,1901,1888,1886,-1,1901,1886,1899,-1,1899,1886,1885,-1,1899,1885,1893,-1,1893,1885,1884,-1,1893,1884,1894,-1,1894,1884,1883,-1,1894,1883,1889,-1,1878,1891,1892,-1,1878,1892,1879,-1,1879,1892,1903,-1,1879,1903,1880,-1,1880,1903,1902,-1,1880,1902,1881,-1,1881,1902,1898,-1,1881,1898,1882,-1,1882,1898,1897,-1,1882,1897,1876,-1,1876,1897,1896,-1,1876,1896,1874,-1,1924,1911,1921,-1,1924,1921,1934,-1,1934,1921,1922,-1,1934,1922,1935,-1,1935,1922,1920,-1,1935,1920,1933,-1,1933,1920,1919,-1,1933,1919,1927,-1,1927,1919,1918,-1,1927,1918,1928,-1,1928,1918,1917,-1,1928,1917,1923,-1,1912,1925,1926,-1,1912,1926,1913,-1,1913,1926,1937,-1,1913,1937,1914,-1,1914,1937,1936,-1,1914,1936,1915,-1,1915,1936,1932,-1,1915,1932,1916,-1,1916,1932,1931,-1,1916,1931,1910,-1,1910,1931,1930,-1,1910,1930,1908,-1,1958,1945,1955,-1,1958,1955,1968,-1,1968,1955,1956,-1,1968,1956,1969,-1,1969,1956,1954,-1,1969,1954,1967,-1,1967,1954,1953,-1,1967,1953,1961,-1,1961,1953,1952,-1,1961,1952,1962,-1,1962,1952,1951,-1,1962,1951,1957,-1,1946,1959,1960,-1,1946,1960,1947,-1,1947,1960,1971,-1,1947,1971,1948,-1,1948,1971,1970,-1,1948,1970,1949,-1,1949,1970,1966,-1,1949,1966,1950,-1,1950,1966,1965,-1,1950,1965,1944,-1,1944,1965,1964,-1,1944,1964,1942,-1,1992,1979,1989,-1,1992,1989,2002,-1,2002,1989,1990,-1,2002,1990,2003,-1,2003,1990,1988,-1,2003,1988,2001,-1,2001,1988,1987,-1,2001,1987,1995,-1,1995,1987,1986,-1,1995,1986,1996,-1,1996,1986,1985,-1,1996,1985,1991,-1,1980,1993,1994,-1,1980,1994,1981,-1,1981,1994,2005,-1,1981,2005,1982,-1,1982,2005,2004,-1,1982,2004,1983,-1,1983,2004,2000,-1,1983,2000,1984,-1,1984,2000,1999,-1,1984,1999,1978,-1,1978,1999,1998,-1,1978,1998,1976,-1,2026,2013,2023,-1,2026,2023,2036,-1,2036,2023,2024,-1,2036,2024,2037,-1,2037,2024,2022,-1,2037,2022,2035,-1,2035,2022,2021,-1,2035,2021,2029,-1,2029,2021,2020,-1,2029,2020,2030,-1,2030,2020,2019,-1,2030,2019,2025,-1,2014,2027,2028,-1,2014,2028,2015,-1,2015,2028,2039,-1,2015,2039,2016,-1,2016,2039,2038,-1,2016,2038,2017,-1,2017,2038,2034,-1,2017,2034,2018,-1,2018,2034,2033,-1,2018,2033,2012,-1,2012,2033,2032,-1,2012,2032,2010,-1,2060,2047,2057,-1,2060,2057,2070,-1,2070,2057,2058,-1,2070,2058,2071,-1,2071,2058,2056,-1,2071,2056,2069,-1,2069,2056,2055,-1,2069,2055,2063,-1,2063,2055,2054,-1,2063,2054,2064,-1,2064,2054,2053,-1,2064,2053,2059,-1,2048,2061,2062,-1,2048,2062,2049,-1,2049,2062,2073,-1,2049,2073,2050,-1,2050,2073,2072,-1,2050,2072,2051,-1,2051,2072,2068,-1,2051,2068,2052,-1,2052,2068,2067,-1,2052,2067,2046,-1,2046,2067,2066,-1,2046,2066,2044,-1,2094,2081,2091,-1,2094,2091,2104,-1,2104,2091,2092,-1,2104,2092,2105,-1,2105,2092,2090,-1,2105,2090,2103,-1,2103,2090,2089,-1,2103,2089,2097,-1,2097,2089,2088,-1,2097,2088,2098,-1,2098,2088,2087,-1,2098,2087,2093,-1,2082,2095,2096,-1,2082,2096,2083,-1,2083,2096,2107,-1,2083,2107,2084,-1,2084,2107,2106,-1,2084,2106,2085,-1,2085,2106,2102,-1,2085,2102,2086,-1,2086,2102,2101,-1,2086,2101,2080,-1,2080,2101,2100,-1,2080,2100,2078,-1,2128,2115,2125,-1,2128,2125,2138,-1,2138,2125,2126,-1,2138,2126,2139,-1,2139,2126,2124,-1,2139,2124,2137,-1,2137,2124,2123,-1,2137,2123,2131,-1,2131,2123,2122,-1,2131,2122,2132,-1,2132,2122,2121,-1,2132,2121,2127,-1,2116,2129,2130,-1,2116,2130,2117,-1,2117,2130,2141,-1,2117,2141,2118,-1,2118,2141,2140,-1,2118,2140,2119,-1,2119,2140,2136,-1,2119,2136,2120,-1,2120,2136,2135,-1,2120,2135,2114,-1,2114,2135,2134,-1,2114,2134,2112,-1,2162,2149,2159,-1,2162,2159,2172,-1,2172,2159,2160,-1,2172,2160,2173,-1,2173,2160,2158,-1,2173,2158,2171,-1,2171,2158,2157,-1,2171,2157,2165,-1,2165,2157,2156,-1,2165,2156,2166,-1,2166,2156,2155,-1,2166,2155,2161,-1,2150,2163,2164,-1,2150,2164,2151,-1,2151,2164,2175,-1,2151,2175,2152,-1,2152,2175,2174,-1,2152,2174,2153,-1,2153,2174,2170,-1,2153,2170,2154,-1,2154,2170,2169,-1,2154,2169,2148,-1,2148,2169,2168,-1,2148,2168,2146,-1,2196,2183,2193,-1,2196,2193,2206,-1,2206,2193,2194,-1,2206,2194,2207,-1,2207,2194,2192,-1,2207,2192,2205,-1,2205,2192,2191,-1,2205,2191,2199,-1,2199,2191,2190,-1,2199,2190,2200,-1,2200,2190,2189,-1,2200,2189,2195,-1,2184,2197,2198,-1,2184,2198,2185,-1,2185,2198,2209,-1,2185,2209,2186,-1,2186,2209,2208,-1,2186,2208,2187,-1,2187,2208,2204,-1,2187,2204,2188,-1,2188,2204,2203,-1,2188,2203,2182,-1,2182,2203,2202,-1,2182,2202,2180,-1,2230,2217,2227,-1,2230,2227,2240,-1,2240,2227,2228,-1,2240,2228,2241,-1,2241,2228,2226,-1,2241,2226,2239,-1,2239,2226,2225,-1,2239,2225,2233,-1,2233,2225,2224,-1,2233,2224,2234,-1,2234,2224,2223,-1,2234,2223,2229,-1,2218,2231,2232,-1,2218,2232,2219,-1,2219,2232,2243,-1,2219,2243,2220,-1,2220,2243,2242,-1,2220,2242,2221,-1,2221,2242,2238,-1,2221,2238,2222,-1,2222,2238,2237,-1,2222,2237,2216,-1,2216,2237,2236,-1,2216,2236,2214,-1,2264,2251,2261,-1,2264,2261,2274,-1,2274,2261,2262,-1,2274,2262,2275,-1,2275,2262,2260,-1,2275,2260,2273,-1,2273,2260,2259,-1,2273,2259,2267,-1,2267,2259,2258,-1,2267,2258,2268,-1,2268,2258,2257,-1,2268,2257,2263,-1,2252,2265,2266,-1,2252,2266,2253,-1,2253,2266,2277,-1,2253,2277,2254,-1,2254,2277,2276,-1,2254,2276,2255,-1,2255,2276,2272,-1,2255,2272,2256,-1,2256,2272,2271,-1,2256,2271,2250,-1,2250,2271,2270,-1,2250,2270,2248,-1,2298,2285,2295,-1,2298,2295,2308,-1,2308,2295,2296,-1,2308,2296,2309,-1,2309,2296,2294,-1,2309,2294,2307,-1,2307,2294,2293,-1,2307,2293,2301,-1,2301,2293,2292,-1,2301,2292,2302,-1,2302,2292,2291,-1,2302,2291,2297,-1,2286,2299,2300,-1,2286,2300,2287,-1,2287,2300,2311,-1,2287,2311,2288,-1,2288,2311,2310,-1,2288,2310,2289,-1,2289,2310,2306,-1,2289,2306,2290,-1,2290,2306,2305,-1,2290,2305,2284,-1,2284,2305,2304,-1,2284,2304,2282,-1,2332,2319,2329,-1,2332,2329,2342,-1,2342,2329,2330,-1,2342,2330,2343,-1,2343,2330,2328,-1,2343,2328,2341,-1,2341,2328,2327,-1,2341,2327,2335,-1,2335,2327,2326,-1,2335,2326,2336,-1,2336,2326,2325,-1,2336,2325,2331,-1,2320,2333,2334,-1,2320,2334,2321,-1,2321,2334,2345,-1,2321,2345,2322,-1,2322,2345,2344,-1,2322,2344,2323,-1,2323,2344,2340,-1,2323,2340,2324,-1,2324,2340,2339,-1,2324,2339,2318,-1,2318,2339,2338,-1,2318,2338,2316,-1,2346,2347,2348,-1,2348,2347,2349,-1,2348,2349,2350,-1,2350,2351,2348,-1,2348,2351,2352,-1,2348,2352,2353,-1,2354,2355,2353,-1,2353,2355,2356,-1,2353,2356,2348,-1,2357,2347,2358,-1,2358,2347,2346,-1,2358,2346,2359,-1,2360,2361,2362,-1,2359,2346,2362,-1,2362,2346,2363,-1,2362,2363,2360,-1,2364,2365,2366,-1,2366,2365,2367,-1,2368,2369,2370,-1,2367,2371,2366,-1,2366,2371,2368,-1,2366,2368,2372,-1,2372,2368,2370,-1,2367,2365,2373,-1,2373,2365,2374,-1,2375,2376,2377,-1,2374,2378,2373,-1,2373,2378,2379,-1,2373,2379,2380,-1,2380,2379,2377,-1,2377,2379,2381,-1,2377,2381,2375,-1,2382,2383,2384,-1,2384,2383,2385,-1,2384,2385,2386,-1,2386,2387,2384,-1,2384,2387,2388,-1,2384,2388,2389,-1,2390,2391,2389,-1,2389,2391,2392,-1,2389,2392,2384,-1,2393,2383,2394,-1,2394,2383,2382,-1,2394,2382,2395,-1,2396,2397,2398,-1,2395,2382,2398,-1,2398,2382,2399,-1,2398,2399,2396,-1,2400,2401,2402,-1,2402,2401,2403,-1,2404,2405,2406,-1,2403,2407,2402,-1,2402,2407,2404,-1,2402,2404,2408,-1,2408,2404,2406,-1,2403,2401,2409,-1,2409,2401,2410,-1,2411,2412,2413,-1,2410,2414,2409,-1,2409,2414,2415,-1,2409,2415,2416,-1,2416,2415,2413,-1,2413,2415,2417,-1,2413,2417,2411,-1,2418,2419,2420,-1,2420,2419,2421,-1,2420,2421,2422,-1,2422,2423,2420,-1,2420,2423,2424,-1,2420,2424,2425,-1,2426,2427,2425,-1,2425,2427,2428,-1,2425,2428,2420,-1,2429,2419,2430,-1,2430,2419,2418,-1,2430,2418,2431,-1,2432,2433,2434,-1,2431,2418,2434,-1,2434,2418,2435,-1,2434,2435,2432,-1,2436,2437,2438,-1,2438,2437,2439,-1,2440,2441,2442,-1,2439,2443,2438,-1,2438,2443,2440,-1,2438,2440,2444,-1,2444,2440,2442,-1,2439,2437,2445,-1,2445,2437,2446,-1,2447,2448,2449,-1,2446,2450,2445,-1,2445,2450,2451,-1,2445,2451,2452,-1,2452,2451,2449,-1,2449,2451,2453,-1,2449,2453,2447,-1,2454,2455,2456,-1,2456,2455,2457,-1,2456,2457,2458,-1,2458,2459,2456,-1,2456,2459,2460,-1,2456,2460,2461,-1,2462,2463,2461,-1,2461,2463,2464,-1,2461,2464,2456,-1,2465,2455,2466,-1,2466,2455,2454,-1,2466,2454,2467,-1,2468,2469,2470,-1,2467,2454,2470,-1,2470,2454,2471,-1,2470,2471,2468,-1,2472,2473,2474,-1,2474,2473,2475,-1,2476,2477,2478,-1,2475,2479,2474,-1,2474,2479,2476,-1,2474,2476,2480,-1,2480,2476,2478,-1,2475,2473,2481,-1,2481,2473,2482,-1,2483,2484,2485,-1,2482,2486,2481,-1,2481,2486,2487,-1,2481,2487,2488,-1,2488,2487,2485,-1,2485,2487,2489,-1,2485,2489,2483,-1,2490,2491,2492,-1,2492,2491,2493,-1,2492,2493,2494,-1,2494,2495,2492,-1,2492,2495,2496,-1,2492,2496,2497,-1,2498,2499,2497,-1,2497,2499,2500,-1,2497,2500,2492,-1,2501,2491,2502,-1,2502,2491,2490,-1,2502,2490,2503,-1,2504,2505,2506,-1,2503,2490,2506,-1,2506,2490,2507,-1,2506,2507,2504,-1,2508,2509,2510,-1,2510,2509,2511,-1,2512,2513,2514,-1,2511,2515,2510,-1,2510,2515,2512,-1,2510,2512,2516,-1,2516,2512,2514,-1,2511,2509,2517,-1,2517,2509,2518,-1,2519,2520,2521,-1,2518,2522,2517,-1,2517,2522,2523,-1,2517,2523,2524,-1,2524,2523,2521,-1,2521,2523,2525,-1,2521,2525,2519,-1,2526,2527,2528,-1,2528,2527,2529,-1,2528,2529,2530,-1,2530,2531,2528,-1,2528,2531,2532,-1,2528,2532,2533,-1,2534,2535,2533,-1,2533,2535,2536,-1,2533,2536,2528,-1,2537,2527,2538,-1,2538,2527,2526,-1,2538,2526,2539,-1,2540,2541,2542,-1,2539,2526,2542,-1,2542,2526,2543,-1,2542,2543,2540,-1,2544,2545,2546,-1,2546,2545,2547,-1,2548,2549,2550,-1,2547,2551,2546,-1,2546,2551,2548,-1,2546,2548,2552,-1,2552,2548,2550,-1,2547,2545,2553,-1,2553,2545,2554,-1,2555,2556,2557,-1,2554,2558,2553,-1,2553,2558,2559,-1,2553,2559,2560,-1,2560,2559,2557,-1,2557,2559,2561,-1,2557,2561,2555,-1,2562,2563,2564,-1,2564,2563,2565,-1,2564,2565,2566,-1,2566,2567,2564,-1,2564,2567,2568,-1,2564,2568,2569,-1,2570,2571,2569,-1,2569,2571,2572,-1,2569,2572,2564,-1,2573,2563,2574,-1,2574,2563,2562,-1,2574,2562,2575,-1,2576,2577,2578,-1,2575,2562,2578,-1,2578,2562,2579,-1,2578,2579,2576,-1,2580,2581,2582,-1,2582,2581,2583,-1,2584,2585,2586,-1,2583,2587,2582,-1,2582,2587,2584,-1,2582,2584,2588,-1,2588,2584,2586,-1,2583,2581,2589,-1,2589,2581,2590,-1,2591,2592,2593,-1,2590,2594,2589,-1,2589,2594,2595,-1,2589,2595,2596,-1,2596,2595,2593,-1,2593,2595,2597,-1,2593,2597,2591,-1,2598,2599,2600,-1,2600,2599,2601,-1,2600,2601,2602,-1,2602,2603,2600,-1,2600,2603,2604,-1,2600,2604,2605,-1,2606,2607,2605,-1,2605,2607,2608,-1,2605,2608,2600,-1,2609,2599,2610,-1,2610,2599,2598,-1,2610,2598,2611,-1,2612,2613,2614,-1,2611,2598,2614,-1,2614,2598,2615,-1,2614,2615,2612,-1,2616,2617,2618,-1,2618,2617,2619,-1,2620,2621,2622,-1,2619,2623,2618,-1,2618,2623,2620,-1,2618,2620,2624,-1,2624,2620,2622,-1,2619,2617,2625,-1,2625,2617,2626,-1,2627,2628,2629,-1,2626,2630,2625,-1,2625,2630,2631,-1,2625,2631,2632,-1,2632,2631,2629,-1,2629,2631,2633,-1,2629,2633,2627,-1,2634,2635,2636,-1,2636,2635,2637,-1,2636,2637,2638,-1,2638,2639,2636,-1,2636,2639,2640,-1,2636,2640,2641,-1,2642,2643,2641,-1,2641,2643,2644,-1,2641,2644,2636,-1,2645,2635,2646,-1,2646,2635,2634,-1,2646,2634,2647,-1,2648,2649,2650,-1,2647,2634,2650,-1,2650,2634,2651,-1,2650,2651,2648,-1,2652,2653,2654,-1,2654,2653,2655,-1,2656,2657,2658,-1,2655,2659,2654,-1,2654,2659,2656,-1,2654,2656,2660,-1,2660,2656,2658,-1,2655,2653,2661,-1,2661,2653,2662,-1,2663,2664,2665,-1,2662,2666,2661,-1,2661,2666,2667,-1,2661,2667,2668,-1,2668,2667,2665,-1,2665,2667,2669,-1,2665,2669,2663,-1,2670,2671,2672,-1,2672,2671,2673,-1,2672,2673,2674,-1,2674,2675,2672,-1,2672,2675,2676,-1,2672,2676,2677,-1,2678,2679,2677,-1,2677,2679,2680,-1,2677,2680,2672,-1,2681,2671,2682,-1,2682,2671,2670,-1,2682,2670,2683,-1,2684,2685,2686,-1,2683,2670,2686,-1,2686,2670,2687,-1,2686,2687,2684,-1,2688,2689,2690,-1,2690,2689,2691,-1,2692,2693,2694,-1,2691,2695,2690,-1,2690,2695,2692,-1,2690,2692,2696,-1,2696,2692,2694,-1,2691,2689,2697,-1,2697,2689,2698,-1,2699,2700,2701,-1,2698,2702,2697,-1,2697,2702,2703,-1,2697,2703,2704,-1,2704,2703,2701,-1,2701,2703,2705,-1,2701,2705,2699,-1,2706,2707,2708,-1,2708,2707,2709,-1,2708,2709,2710,-1,2710,2711,2708,-1,2708,2711,2712,-1,2708,2712,2713,-1,2714,2715,2713,-1,2713,2715,2716,-1,2713,2716,2708,-1,2717,2707,2718,-1,2718,2707,2706,-1,2718,2706,2719,-1,2720,2721,2722,-1,2719,2706,2722,-1,2722,2706,2723,-1,2722,2723,2720,-1,2724,2725,2726,-1,2726,2725,2727,-1,2728,2729,2730,-1,2727,2731,2726,-1,2726,2731,2728,-1,2726,2728,2732,-1,2732,2728,2730,-1,2727,2725,2733,-1,2733,2725,2734,-1,2735,2736,2737,-1,2734,2738,2733,-1,2733,2738,2739,-1,2733,2739,2740,-1,2740,2739,2737,-1,2737,2739,2741,-1,2737,2741,2735,-1,2742,2743,2744,-1,2744,2743,2745,-1,2744,2745,2746,-1,2746,2747,2744,-1,2744,2747,2748,-1,2744,2748,2749,-1,2750,2751,2749,-1,2749,2751,2752,-1,2749,2752,2744,-1,2753,2743,2754,-1,2754,2743,2742,-1,2754,2742,2755,-1,2756,2757,2758,-1,2755,2742,2758,-1,2758,2742,2759,-1,2758,2759,2756,-1,2760,2761,2762,-1,2762,2761,2763,-1,2764,2765,2766,-1,2763,2767,2762,-1,2762,2767,2764,-1,2762,2764,2768,-1,2768,2764,2766,-1,2763,2761,2769,-1,2769,2761,2770,-1,2771,2772,2773,-1,2770,2774,2769,-1,2769,2774,2775,-1,2769,2775,2776,-1,2776,2775,2773,-1,2773,2775,2777,-1,2773,2777,2771,-1,2778,2779,2780,-1,2780,2779,2781,-1,2780,2781,2782,-1,2782,2783,2780,-1,2780,2783,2784,-1,2780,2784,2785,-1,2786,2787,2785,-1,2785,2787,2788,-1,2785,2788,2780,-1,2789,2779,2790,-1,2790,2779,2778,-1,2790,2778,2791,-1,2792,2793,2794,-1,2791,2778,2794,-1,2794,2778,2795,-1,2794,2795,2792,-1,2796,2797,2798,-1,2798,2797,2799,-1,2800,2801,2802,-1,2799,2803,2798,-1,2798,2803,2800,-1,2798,2800,2804,-1,2804,2800,2802,-1,2799,2797,2805,-1,2805,2797,2806,-1,2807,2808,2809,-1,2806,2810,2805,-1,2805,2810,2811,-1,2805,2811,2812,-1,2812,2811,2809,-1,2809,2811,2813,-1,2809,2813,2807,-1,2814,2815,2816,-1,2816,2815,2817,-1,2816,2817,2818,-1,2818,2819,2816,-1,2816,2819,2820,-1,2816,2820,2821,-1,2822,2823,2821,-1,2821,2823,2824,-1,2821,2824,2816,-1,2825,2815,2826,-1,2826,2815,2814,-1,2826,2814,2827,-1,2828,2829,2830,-1,2827,2814,2830,-1,2830,2814,2831,-1,2830,2831,2828,-1,2832,2833,2834,-1,2834,2833,2835,-1,2836,2837,2838,-1,2835,2839,2834,-1,2834,2839,2836,-1,2834,2836,2840,-1,2840,2836,2838,-1,2835,2833,2841,-1,2841,2833,2842,-1,2843,2844,2845,-1,2842,2846,2841,-1,2841,2846,2847,-1,2841,2847,2848,-1,2848,2847,2845,-1,2845,2847,2849,-1,2845,2849,2843,-1,2850,2851,2852,-1,2852,2851,2853,-1,2852,2853,2854,-1,2854,2855,2852,-1,2852,2855,2856,-1,2852,2856,2857,-1,2858,2859,2857,-1,2857,2859,2860,-1,2857,2860,2852,-1,2861,2851,2862,-1,2862,2851,2850,-1,2862,2850,2863,-1,2864,2865,2866,-1,2863,2850,2866,-1,2866,2850,2867,-1,2866,2867,2864,-1,2868,2869,2870,-1,2870,2869,2871,-1,2872,2873,2874,-1,2871,2875,2870,-1,2870,2875,2872,-1,2870,2872,2876,-1,2876,2872,2874,-1,2871,2869,2877,-1,2877,2869,2878,-1,2879,2880,2881,-1,2878,2882,2877,-1,2877,2882,2883,-1,2877,2883,2884,-1,2884,2883,2881,-1,2881,2883,2885,-1,2881,2885,2879,-1,2886,2887,2888,-1,2888,2887,2889,-1,2888,2889,2890,-1,2890,2891,2888,-1,2888,2891,2892,-1,2888,2892,2893,-1,2894,2895,2893,-1,2893,2895,2896,-1,2893,2896,2888,-1,2897,2887,2898,-1,2898,2887,2886,-1,2898,2886,2899,-1,2900,2901,2902,-1,2899,2886,2902,-1,2902,2886,2903,-1,2902,2903,2900,-1,2904,2905,2906,-1,2906,2905,2907,-1,2908,2909,2910,-1,2907,2911,2906,-1,2906,2911,2908,-1,2906,2908,2912,-1,2912,2908,2910,-1,2907,2905,2913,-1,2913,2905,2914,-1,2915,2916,2917,-1,2914,2918,2913,-1,2913,2918,2919,-1,2913,2919,2920,-1,2920,2919,2917,-1,2917,2919,2921,-1,2917,2921,2915,-1,2922,2923,2924,-1,2924,2923,2925,-1,2924,2925,2926,-1,2926,2927,2924,-1,2924,2927,2928,-1,2924,2928,2929,-1,2930,2931,2929,-1,2929,2931,2932,-1,2929,2932,2924,-1,2933,2923,2934,-1,2934,2923,2922,-1,2934,2922,2935,-1,2936,2937,2938,-1,2935,2922,2938,-1,2938,2922,2939,-1,2938,2939,2936,-1,2940,2941,2942,-1,2942,2941,2943,-1,2944,2945,2946,-1,2943,2947,2942,-1,2942,2947,2944,-1,2942,2944,2948,-1,2948,2944,2946,-1,2943,2941,2949,-1,2949,2941,2950,-1,2951,2952,2953,-1,2950,2954,2949,-1,2949,2954,2955,-1,2949,2955,2956,-1,2956,2955,2953,-1,2953,2955,2957,-1,2953,2957,2951,-1,2958,2959,2960,-1,2960,2959,2961,-1,2960,2961,2962,-1,2962,2963,2960,-1,2960,2963,2964,-1,2960,2964,2965,-1,2966,2967,2965,-1,2965,2967,2968,-1,2965,2968,2960,-1,2969,2959,2970,-1,2970,2959,2958,-1,2970,2958,2971,-1,2972,2973,2974,-1,2971,2958,2974,-1,2974,2958,2975,-1,2974,2975,2972,-1,2976,2977,2978,-1,2978,2977,2979,-1,2980,2981,2982,-1,2979,2983,2978,-1,2978,2983,2980,-1,2978,2980,2984,-1,2984,2980,2982,-1,2979,2977,2985,-1,2985,2977,2986,-1,2987,2988,2989,-1,2986,2990,2985,-1,2985,2990,2991,-1,2985,2991,2992,-1,2992,2991,2989,-1,2989,2991,2993,-1,2989,2993,2987,-1,2994,2995,2996,-1,2996,2995,2997,-1,2996,2997,2998,-1,2998,2999,2996,-1,2996,2999,3000,-1,2996,3000,3001,-1,3002,3003,3001,-1,3001,3003,3004,-1,3001,3004,2996,-1,3005,2995,3006,-1,3006,2995,2994,-1,3006,2994,3007,-1,3008,3009,3010,-1,3007,2994,3010,-1,3010,2994,3011,-1,3010,3011,3008,-1,3012,3013,3014,-1,3014,3013,3015,-1,3016,3017,3018,-1,3015,3019,3014,-1,3014,3019,3016,-1,3014,3016,3020,-1,3020,3016,3018,-1,3015,3013,3021,-1,3021,3013,3022,-1,3023,3024,3025,-1,3022,3026,3021,-1,3021,3026,3027,-1,3021,3027,3028,-1,3028,3027,3025,-1,3025,3027,3029,-1,3025,3029,3023,-1,3030,3031,3032,-1,3032,3031,3033,-1,3032,3033,3034,-1,3034,3035,3032,-1,3032,3035,3036,-1,3032,3036,3037,-1,3038,3039,3037,-1,3037,3039,3040,-1,3037,3040,3032,-1,3041,3031,3042,-1,3042,3031,3030,-1,3042,3030,3043,-1,3044,3045,3046,-1,3043,3030,3046,-1,3046,3030,3047,-1,3046,3047,3044,-1,3048,3049,3050,-1,3050,3049,3051,-1,3052,3053,3054,-1,3051,3055,3050,-1,3050,3055,3052,-1,3050,3052,3056,-1,3056,3052,3054,-1,3051,3049,3057,-1,3057,3049,3058,-1,3059,3060,3061,-1,3058,3062,3057,-1,3057,3062,3063,-1,3057,3063,3064,-1,3064,3063,3061,-1,3061,3063,3065,-1,3061,3065,3059,-1,3066,3067,3068,-1,3068,3067,3069,-1,3068,3069,3070,-1,3070,3071,3068,-1,3068,3071,3072,-1,3068,3072,3073,-1,3074,3075,3073,-1,3073,3075,3076,-1,3073,3076,3068,-1,3077,3067,3078,-1,3078,3067,3066,-1,3078,3066,3079,-1,3080,3081,3082,-1,3079,3066,3082,-1,3082,3066,3083,-1,3082,3083,3080,-1,3084,3085,3086,-1,3086,3085,3087,-1,3088,3089,3090,-1,3087,3091,3086,-1,3086,3091,3088,-1,3086,3088,3092,-1,3092,3088,3090,-1,3087,3085,3093,-1,3093,3085,3094,-1,3095,3096,3097,-1,3094,3098,3093,-1,3093,3098,3099,-1,3093,3099,3100,-1,3100,3099,3097,-1,3097,3099,3101,-1,3097,3101,3095,-1,3102,3103,3104,-1,3104,3103,3105,-1,3104,3105,3106,-1,3106,3107,3104,-1,3104,3107,3108,-1,3104,3108,3109,-1,3110,3111,3109,-1,3109,3111,3112,-1,3109,3112,3104,-1,3113,3103,3114,-1,3114,3103,3102,-1,3114,3102,3115,-1,3116,3117,3118,-1,3115,3102,3118,-1,3118,3102,3119,-1,3118,3119,3116,-1,3120,3121,3122,-1,3122,3121,3123,-1,3124,3125,3126,-1,3123,3127,3122,-1,3122,3127,3124,-1,3122,3124,3128,-1,3128,3124,3126,-1,3123,3121,3129,-1,3129,3121,3130,-1,3131,3132,3133,-1,3130,3134,3129,-1,3129,3134,3135,-1,3129,3135,3136,-1,3136,3135,3133,-1,3133,3135,3137,-1,3133,3137,3131,-1,3138,3139,3140,-1,3140,3139,3141,-1,3140,3141,3142,-1,3142,3143,3140,-1,3140,3143,3144,-1,3140,3144,3145,-1,3146,3147,3145,-1,3145,3147,3148,-1,3145,3148,3140,-1,3149,3139,3150,-1,3150,3139,3138,-1,3150,3138,3151,-1,3152,3153,3154,-1,3151,3138,3154,-1,3154,3138,3155,-1,3154,3155,3152,-1,3156,3157,3158,-1,3158,3157,3159,-1,3160,3161,3162,-1,3159,3163,3158,-1,3158,3163,3160,-1,3158,3160,3164,-1,3164,3160,3162,-1,3159,3157,3165,-1,3165,3157,3166,-1,3167,3168,3169,-1,3166,3170,3165,-1,3165,3170,3171,-1,3165,3171,3172,-1,3172,3171,3169,-1,3169,3171,3173,-1,3169,3173,3167,-1,2379,2366,2372,-1,2379,2372,2381,-1,2381,2372,2370,-1,2381,2370,2375,-1,2375,2370,2369,-1,2375,2369,2376,-1,2376,2369,2368,-1,2376,2368,2377,-1,2377,2368,2371,-1,2377,2371,2380,-1,2380,2371,2367,-1,2380,2367,2373,-1,2346,2348,2356,-1,2346,2356,2363,-1,2363,2356,2355,-1,2363,2355,2360,-1,2360,2355,2354,-1,2360,2354,2361,-1,2361,2354,2353,-1,2361,2353,2362,-1,2362,2353,2352,-1,2362,2352,2359,-1,2359,2352,2351,-1,2359,2351,2358,-1,2415,2402,2408,-1,2415,2408,2417,-1,2417,2408,2406,-1,2417,2406,2411,-1,2411,2406,2405,-1,2411,2405,2412,-1,2412,2405,2404,-1,2412,2404,2413,-1,2413,2404,2407,-1,2413,2407,2416,-1,2416,2407,2403,-1,2416,2403,2409,-1,2382,2384,2392,-1,2382,2392,2399,-1,2399,2392,2391,-1,2399,2391,2396,-1,2396,2391,2390,-1,2396,2390,2397,-1,2397,2390,2389,-1,2397,2389,2398,-1,2398,2389,2388,-1,2398,2388,2395,-1,2395,2388,2387,-1,2395,2387,2394,-1,2451,2438,2444,-1,2451,2444,2453,-1,2453,2444,2442,-1,2453,2442,2447,-1,2447,2442,2441,-1,2447,2441,2448,-1,2448,2441,2440,-1,2448,2440,2449,-1,2449,2440,2443,-1,2449,2443,2452,-1,2452,2443,2439,-1,2452,2439,2445,-1,2418,2420,2428,-1,2418,2428,2435,-1,2435,2428,2427,-1,2435,2427,2432,-1,2432,2427,2426,-1,2432,2426,2433,-1,2433,2426,2425,-1,2433,2425,2434,-1,2434,2425,2424,-1,2434,2424,2431,-1,2431,2424,2423,-1,2431,2423,2430,-1,2487,2474,2480,-1,2487,2480,2489,-1,2489,2480,2478,-1,2489,2478,2483,-1,2483,2478,2477,-1,2483,2477,2484,-1,2484,2477,2476,-1,2484,2476,2485,-1,2485,2476,2479,-1,2485,2479,2488,-1,2488,2479,2475,-1,2488,2475,2481,-1,2454,2456,2464,-1,2454,2464,2471,-1,2471,2464,2463,-1,2471,2463,2468,-1,2468,2463,2462,-1,2468,2462,2469,-1,2469,2462,2461,-1,2469,2461,2470,-1,2470,2461,2460,-1,2470,2460,2467,-1,2467,2460,2459,-1,2467,2459,2466,-1,2523,2510,2516,-1,2523,2516,2525,-1,2525,2516,2514,-1,2525,2514,2519,-1,2519,2514,2513,-1,2519,2513,2520,-1,2520,2513,2512,-1,2520,2512,2521,-1,2521,2512,2515,-1,2521,2515,2524,-1,2524,2515,2511,-1,2524,2511,2517,-1,2490,2492,2500,-1,2490,2500,2507,-1,2507,2500,2499,-1,2507,2499,2504,-1,2504,2499,2498,-1,2504,2498,2505,-1,2505,2498,2497,-1,2505,2497,2506,-1,2506,2497,2496,-1,2506,2496,2503,-1,2503,2496,2495,-1,2503,2495,2502,-1,2559,2546,2552,-1,2559,2552,2561,-1,2561,2552,2550,-1,2561,2550,2555,-1,2555,2550,2549,-1,2555,2549,2556,-1,2556,2549,2548,-1,2556,2548,2557,-1,2557,2548,2551,-1,2557,2551,2560,-1,2560,2551,2547,-1,2560,2547,2553,-1,2526,2528,2536,-1,2526,2536,2543,-1,2543,2536,2535,-1,2543,2535,2540,-1,2540,2535,2534,-1,2540,2534,2541,-1,2541,2534,2533,-1,2541,2533,2542,-1,2542,2533,2532,-1,2542,2532,2539,-1,2539,2532,2531,-1,2539,2531,2538,-1,2595,2582,2588,-1,2595,2588,2597,-1,2597,2588,2586,-1,2597,2586,2591,-1,2591,2586,2585,-1,2591,2585,2592,-1,2592,2585,2584,-1,2592,2584,2593,-1,2593,2584,2587,-1,2593,2587,2596,-1,2596,2587,2583,-1,2596,2583,2589,-1,2562,2564,2572,-1,2562,2572,2579,-1,2579,2572,2571,-1,2579,2571,2576,-1,2576,2571,2570,-1,2576,2570,2577,-1,2577,2570,2569,-1,2577,2569,2578,-1,2578,2569,2568,-1,2578,2568,2575,-1,2575,2568,2567,-1,2575,2567,2574,-1,2631,2618,2624,-1,2631,2624,2633,-1,2633,2624,2622,-1,2633,2622,2627,-1,2627,2622,2621,-1,2627,2621,2628,-1,2628,2621,2620,-1,2628,2620,2629,-1,2629,2620,2623,-1,2629,2623,2632,-1,2632,2623,2619,-1,2632,2619,2625,-1,2598,2600,2608,-1,2598,2608,2615,-1,2615,2608,2607,-1,2615,2607,2612,-1,2612,2607,2606,-1,2612,2606,2613,-1,2613,2606,2605,-1,2613,2605,2614,-1,2614,2605,2604,-1,2614,2604,2611,-1,2611,2604,2603,-1,2611,2603,2610,-1,2667,2654,2660,-1,2667,2660,2669,-1,2669,2660,2658,-1,2669,2658,2663,-1,2663,2658,2657,-1,2663,2657,2664,-1,2664,2657,2656,-1,2664,2656,2665,-1,2665,2656,2659,-1,2665,2659,2668,-1,2668,2659,2655,-1,2668,2655,2661,-1,2634,2636,2644,-1,2634,2644,2651,-1,2651,2644,2643,-1,2651,2643,2648,-1,2648,2643,2642,-1,2648,2642,2649,-1,2649,2642,2641,-1,2649,2641,2650,-1,2650,2641,2640,-1,2650,2640,2647,-1,2647,2640,2639,-1,2647,2639,2646,-1,2703,2690,2696,-1,2703,2696,2705,-1,2705,2696,2694,-1,2705,2694,2699,-1,2699,2694,2693,-1,2699,2693,2700,-1,2700,2693,2692,-1,2700,2692,2701,-1,2701,2692,2695,-1,2701,2695,2704,-1,2704,2695,2691,-1,2704,2691,2697,-1,2670,2672,2680,-1,2670,2680,2687,-1,2687,2680,2679,-1,2687,2679,2684,-1,2684,2679,2678,-1,2684,2678,2685,-1,2685,2678,2677,-1,2685,2677,2686,-1,2686,2677,2676,-1,2686,2676,2683,-1,2683,2676,2675,-1,2683,2675,2682,-1,2739,2726,2732,-1,2739,2732,2741,-1,2741,2732,2730,-1,2741,2730,2735,-1,2735,2730,2729,-1,2735,2729,2736,-1,2736,2729,2728,-1,2736,2728,2737,-1,2737,2728,2731,-1,2737,2731,2740,-1,2740,2731,2727,-1,2740,2727,2733,-1,2706,2708,2716,-1,2706,2716,2723,-1,2723,2716,2715,-1,2723,2715,2720,-1,2720,2715,2714,-1,2720,2714,2721,-1,2721,2714,2713,-1,2721,2713,2722,-1,2722,2713,2712,-1,2722,2712,2719,-1,2719,2712,2711,-1,2719,2711,2718,-1,2775,2762,2768,-1,2775,2768,2777,-1,2777,2768,2766,-1,2777,2766,2771,-1,2771,2766,2765,-1,2771,2765,2772,-1,2772,2765,2764,-1,2772,2764,2773,-1,2773,2764,2767,-1,2773,2767,2776,-1,2776,2767,2763,-1,2776,2763,2769,-1,2742,2744,2752,-1,2742,2752,2759,-1,2759,2752,2751,-1,2759,2751,2756,-1,2756,2751,2750,-1,2756,2750,2757,-1,2757,2750,2749,-1,2757,2749,2758,-1,2758,2749,2748,-1,2758,2748,2755,-1,2755,2748,2747,-1,2755,2747,2754,-1,2811,2798,2804,-1,2811,2804,2813,-1,2813,2804,2802,-1,2813,2802,2807,-1,2807,2802,2801,-1,2807,2801,2808,-1,2808,2801,2800,-1,2808,2800,2809,-1,2809,2800,2803,-1,2809,2803,2812,-1,2812,2803,2799,-1,2812,2799,2805,-1,2778,2780,2788,-1,2778,2788,2795,-1,2795,2788,2787,-1,2795,2787,2792,-1,2792,2787,2786,-1,2792,2786,2793,-1,2793,2786,2785,-1,2793,2785,2794,-1,2794,2785,2784,-1,2794,2784,2791,-1,2791,2784,2783,-1,2791,2783,2790,-1,2847,2834,2840,-1,2847,2840,2849,-1,2849,2840,2838,-1,2849,2838,2843,-1,2843,2838,2837,-1,2843,2837,2844,-1,2844,2837,2836,-1,2844,2836,2845,-1,2845,2836,2839,-1,2845,2839,2848,-1,2848,2839,2835,-1,2848,2835,2841,-1,2814,2816,2824,-1,2814,2824,2831,-1,2831,2824,2823,-1,2831,2823,2828,-1,2828,2823,2822,-1,2828,2822,2829,-1,2829,2822,2821,-1,2829,2821,2830,-1,2830,2821,2820,-1,2830,2820,2827,-1,2827,2820,2819,-1,2827,2819,2826,-1,2883,2870,2876,-1,2883,2876,2885,-1,2885,2876,2874,-1,2885,2874,2879,-1,2879,2874,2873,-1,2879,2873,2880,-1,2880,2873,2872,-1,2880,2872,2881,-1,2881,2872,2875,-1,2881,2875,2884,-1,2884,2875,2871,-1,2884,2871,2877,-1,2850,2852,2860,-1,2850,2860,2867,-1,2867,2860,2859,-1,2867,2859,2864,-1,2864,2859,2858,-1,2864,2858,2865,-1,2865,2858,2857,-1,2865,2857,2866,-1,2866,2857,2856,-1,2866,2856,2863,-1,2863,2856,2855,-1,2863,2855,2862,-1,2919,2906,2912,-1,2919,2912,2921,-1,2921,2912,2910,-1,2921,2910,2915,-1,2915,2910,2909,-1,2915,2909,2916,-1,2916,2909,2908,-1,2916,2908,2917,-1,2917,2908,2911,-1,2917,2911,2920,-1,2920,2911,2907,-1,2920,2907,2913,-1,2886,2888,2896,-1,2886,2896,2903,-1,2903,2896,2895,-1,2903,2895,2900,-1,2900,2895,2894,-1,2900,2894,2901,-1,2901,2894,2893,-1,2901,2893,2902,-1,2902,2893,2892,-1,2902,2892,2899,-1,2899,2892,2891,-1,2899,2891,2898,-1,2955,2942,2948,-1,2955,2948,2957,-1,2957,2948,2946,-1,2957,2946,2951,-1,2951,2946,2945,-1,2951,2945,2952,-1,2952,2945,2944,-1,2952,2944,2953,-1,2953,2944,2947,-1,2953,2947,2956,-1,2956,2947,2943,-1,2956,2943,2949,-1,2922,2924,2932,-1,2922,2932,2939,-1,2939,2932,2931,-1,2939,2931,2936,-1,2936,2931,2930,-1,2936,2930,2937,-1,2937,2930,2929,-1,2937,2929,2938,-1,2938,2929,2928,-1,2938,2928,2935,-1,2935,2928,2927,-1,2935,2927,2934,-1,2991,2978,2984,-1,2991,2984,2993,-1,2993,2984,2982,-1,2993,2982,2987,-1,2987,2982,2981,-1,2987,2981,2988,-1,2988,2981,2980,-1,2988,2980,2989,-1,2989,2980,2983,-1,2989,2983,2992,-1,2992,2983,2979,-1,2992,2979,2985,-1,2958,2960,2968,-1,2958,2968,2975,-1,2975,2968,2967,-1,2975,2967,2972,-1,2972,2967,2966,-1,2972,2966,2973,-1,2973,2966,2965,-1,2973,2965,2974,-1,2974,2965,2964,-1,2974,2964,2971,-1,2971,2964,2963,-1,2971,2963,2970,-1,3027,3014,3020,-1,3027,3020,3029,-1,3029,3020,3018,-1,3029,3018,3023,-1,3023,3018,3017,-1,3023,3017,3024,-1,3024,3017,3016,-1,3024,3016,3025,-1,3025,3016,3019,-1,3025,3019,3028,-1,3028,3019,3015,-1,3028,3015,3021,-1,2994,2996,3004,-1,2994,3004,3011,-1,3011,3004,3003,-1,3011,3003,3008,-1,3008,3003,3002,-1,3008,3002,3009,-1,3009,3002,3001,-1,3009,3001,3010,-1,3010,3001,3000,-1,3010,3000,3007,-1,3007,3000,2999,-1,3007,2999,3006,-1,3063,3050,3056,-1,3063,3056,3065,-1,3065,3056,3054,-1,3065,3054,3059,-1,3059,3054,3053,-1,3059,3053,3060,-1,3060,3053,3052,-1,3060,3052,3061,-1,3061,3052,3055,-1,3061,3055,3064,-1,3064,3055,3051,-1,3064,3051,3057,-1,3030,3032,3040,-1,3030,3040,3047,-1,3047,3040,3039,-1,3047,3039,3044,-1,3044,3039,3038,-1,3044,3038,3045,-1,3045,3038,3037,-1,3045,3037,3046,-1,3046,3037,3036,-1,3046,3036,3043,-1,3043,3036,3035,-1,3043,3035,3042,-1,3099,3086,3092,-1,3099,3092,3101,-1,3101,3092,3090,-1,3101,3090,3095,-1,3095,3090,3089,-1,3095,3089,3096,-1,3096,3089,3088,-1,3096,3088,3097,-1,3097,3088,3091,-1,3097,3091,3100,-1,3100,3091,3087,-1,3100,3087,3093,-1,3066,3068,3076,-1,3066,3076,3083,-1,3083,3076,3075,-1,3083,3075,3080,-1,3080,3075,3074,-1,3080,3074,3081,-1,3081,3074,3073,-1,3081,3073,3082,-1,3082,3073,3072,-1,3082,3072,3079,-1,3079,3072,3071,-1,3079,3071,3078,-1,3135,3122,3128,-1,3135,3128,3137,-1,3137,3128,3126,-1,3137,3126,3131,-1,3131,3126,3125,-1,3131,3125,3132,-1,3132,3125,3124,-1,3132,3124,3133,-1,3133,3124,3127,-1,3133,3127,3136,-1,3136,3127,3123,-1,3136,3123,3129,-1,3102,3104,3112,-1,3102,3112,3119,-1,3119,3112,3111,-1,3119,3111,3116,-1,3116,3111,3110,-1,3116,3110,3117,-1,3117,3110,3109,-1,3117,3109,3118,-1,3118,3109,3108,-1,3118,3108,3115,-1,3115,3108,3107,-1,3115,3107,3114,-1,3171,3158,3164,-1,3171,3164,3173,-1,3173,3164,3162,-1,3173,3162,3167,-1,3167,3162,3161,-1,3167,3161,3168,-1,3168,3161,3160,-1,3168,3160,3169,-1,3169,3160,3163,-1,3169,3163,3172,-1,3172,3163,3159,-1,3172,3159,3165,-1,3138,3140,3148,-1,3138,3148,3155,-1,3155,3148,3147,-1,3155,3147,3152,-1,3152,3147,3146,-1,3152,3146,3153,-1,3153,3146,3145,-1,3153,3145,3154,-1,3154,3145,3144,-1,3154,3144,3151,-1,3151,3144,3143,-1,3151,3143,3150,-1,
        ]
    }
}
Shape{
    appearance Appearance {
        material  Material {
            diffuseColor 0.48627450980392156 0.48627450980392156 0.48627450980392156
            specularColor 0.42745098039215684 0.42745098039215684 0.42745098039215684
            ambientIntensity 0.4863
            transparency 0.0
            shininess 0.5
        }
    }
    geometry IndexedFaceSet {
        ccw TRUE
        solid FALSE
        coord DEF co Coordinate {
            point [
                -2.4862 -0.689 0.126, -2.4665 -0.6693 0.1457, -2.4862 -0.689 0.3622, -2.4665 -0.6693 0.3425, 2.4863 -0.689 0.126, 2.4666 -0.6693 0.1457, 2.4666 -0.6693 0.3425, 2.4863 -0.689 0.3622
            ]
        }
        coordIndex [
            0,1,2,-1,2,1,3,-1,4,5,0,-1,0,5,1,-1,6,7,3,-1,3,7,2,-1,7,6,4,-1,4,6,5,-1,
        ]
    }
}